

CREATE TABLE `acmaster` (
  `ACCD` int(4) NOT NULL,
  `ACNAME` varchar(50) NOT NULL DEFAULT '',
  `ACOPEN` double(10,2) NOT NULL DEFAULT '0.00',
  `OCRDR` char(2) NOT NULL DEFAULT '',
  `YN` char(2) NOT NULL DEFAULT '',
  `CLOSEAC` char(1) NOT NULL DEFAULT 'N',
  `DASHAC` char(1) NOT NULL DEFAULT 'N',
  `UID` int(3) NOT NULL DEFAULT '0',
  KEY `ACACCD` (`UID`,`ACCD`,`YN`) USING BTREE
) ENGINE=MyISAM DEFAULT CHARSET=latin1;


INSERT INTO acmaster VALUES
("2","104/3 A/c","0.00","D","N","Y","Y","1"),
("1","Manoj A/c","48000.00","D","N","N","Y","1"),
("3","828/5 A/c","0.00","D","N","Y","N","1"),
("4","Expense 828/5","0.00","D","N","Y","Y","1"),
("5","Expense 104/3","0.00","D","N","N","Y","1"),
("6","Surukaka 104/3","0.00","D","N","Y","N","1"),
("6","Syndicate Bank A/c","165169.22","D","Y","N","N","2"),
("2","Kotak bank","14000.00","C","Y","N","N","14"),
("1","Cash A/c","1000.00","C","Y","N","N","14"),
("1","Cash A/c","920.00","D","Y","N","Y","2"),
("2","My Expenses","0.00","D","N","N","Y","2"),
("3","Office A/c","0.00","D","N","N","N","2"),
("4","Home A/c","0.00","D","N","N","N","2"),
("5","Farm A/c","0.00","D","N","N","Y","2"),
("1","Petrol","0.00","D","Y","N","N","13"),
("1","Dada","1000.00","D","Y","N","N","12"),
("7","Debitors A/c","0.00","D","Y","N","Y","2"),
("8","Creditors A/c","0.00","C","Y","N","N","2"),
("3","Citi credit card","0.00","D","Y","N","N","14"),
("1","Amit A/c","50000.00","D","Y","N","N","16"),
("9","Farm Clear A/c","0.00","D","N","Y","Y","2"),
("1","Rajkumar","25000.00","C","Y","N","N","17"),
("2","Raj","25000.00","C","Y","N","N","17"),
("10","Dairy A/c","39.00","D","Y","Y","N","2"),
("11","Dairy Bill A/c","39.00","C","Y","Y","N","2"),
("12","Bike Expense A/c","0.00","D","N","N","Y","2"),
("13","ExtraPay A/c","0.00","D","N","N","N","2"),
("7","Factory A/c","0.00","D","N","N","N","1"),
("8","Raju(828/5) A/c","0.00","D","N","Y","N","1"),
("14","KVG Bank A/c","47187.00","D","Y","N","N","2"),
("9","104/3 Motor A/c","0.00","D","N","N","N","1"),
("10","828/5 Motor A/c","0.00","D","N","Y","N","1"),
("15","Factory A/c","0.00","D","N","N","N","2"),
("11","Wages Clear A/c","0.00","D","N","N","N","1"),
("17","Marriage Exp A/c","0.00","D","Y","Y","N","2"),
("1","Bhend A/c","21000.00","C","Y","N","N","7"),
("2","Achari A/c","28000.00","C","Y","N","N","7"),
("3","Photographer A/c","41000.00","C","Y","N","N","7"),
("4","Expense A/c","0.00","D","N","N","N","7"),
("5","Pendal A/c","16000.00","C","Y","N","N","7"),
("6","Singer ","6500.00","C","Y","N","N","7"),
("7","Invitation A/c","8100.00","C","Y","N","N","7"),
("8","Petha A/c","6600.00","C","Y","N","N","7"),
("9","Traveling expens A/c","0.00","D","Y","N","N","7"),
("10","Horse A/c","3000.00","C","Y","N","N","7"),
("11","Water Tank A/c","500.00","C","Y","N","N","7"),
("12","Groceries A/c","0.00","D","Y","N","N","7"),
("13","Managao A/c","18000.00","C","Y","N","N","7"),
("14","Pandit A/c","5000.00","C","Y","N","N","7"),
("15","Mataki A/c","1800.00","C","Y","N","N","7"),
("16","Other Charges A/c","0.00","D","Y","N","N","7"),
("20","Hall A/c","8000.00","C","Y","N","N","7"),
("22","Milk A/c","3460.00","C","Y","N","N","7"),
("12","Babu Malage (104/3)","0.00","D","N","N","Y","1"),
("1","Account","0.00","D","N","N","Y","6"),
("1","State Bank of lndia","5133.00","D","Y","N","Y","10"),
("2","Tamilnad Mercantile Bank Ltd","5133.00","D","Y","N","Y","10"),
("3","Cash ","15000.00","D","Y","N","Y","10"),
("2","Expense","0.00","D","Y","N","Y","6"),
("3","Test","100.00","D","Y","N","Y","6");




CREATE TABLE `actstatus` (
  `CODE` char(2) COLLATE utf8_unicode_ci NOT NULL,
  `STATUS` char(1) COLLATE utf8_unicode_ci NOT NULL DEFAULT 'N'
) ENGINE=InnoDB DEFAULT CHARSET=utf8 COLLATE=utf8_unicode_ci;


INSERT INTO actstatus VALUES
("MP","Y");




CREATE TABLE `lastseen` (
  `UID` int(11) NOT NULL DEFAULT '0',
  `SEENTIME` timestamp NULL DEFAULT NULL,
  `CURTIME` timestamp NOT NULL DEFAULT '0000-00-00 00:00:00',
  PRIMARY KEY (`UID`)
) ENGINE=InnoDB DEFAULT CHARSET=utf8 COLLATE=utf8_unicode_ci;


INSERT INTO lastseen VALUES
("0","2023-04-03 11:04:19","2023-04-03 11:04:19"),
("1","2023-04-03 11:27:55","2023-04-03 11:27:55"),
("2","2022-01-29 11:07:24","2022-01-29 11:07:24"),
("6","2021-12-28 20:14:55","2022-01-04 13:03:59"),
("7","2021-03-21 14:02:19","2021-04-28 12:48:47"),
("9","2021-03-22 15:03:18","2021-03-22 15:04:38"),
("10","2021-09-15 20:14:06","2021-09-15 20:15:28");




CREATE TABLE `tmpreport` (
  `ID` int(10) NOT NULL DEFAULT '0',
  `DATE` date DEFAULT '1900-01-01',
  `ACCOUNT` varchar(50) NOT NULL DEFAULT '',
  `ACCD` int(3) NOT NULL DEFAULT '0',
  `SUBACCOUNT` varchar(50) NOT NULL DEFAULT '',
  `NARR` varchar(150) NOT NULL DEFAULT '',
  `DEBIT` decimal(10,2) NOT NULL DEFAULT '0.00',
  `CREDIT` decimal(10,2) NOT NULL DEFAULT '0.00',
  `BALANCE` float(10,2) NOT NULL DEFAULT '0.00',
  `COLOR` varchar(20) NOT NULL DEFAULT '',
  KEY `TMPID` (`ACCD`) USING BTREE
) ENGINE=MyISAM DEFAULT CHARSET=latin1;


INSERT INTO tmpreport VALUES
("3","2018-04-14","Expense 104/3","5","104/3 A/c","Saala sudharane","325.00","0.00","325.00","#f8f9fa"),
("4","2018-04-15","Expense 104/3","5","104/3 A/c","Super phospate(2 bags 700) Anand -80","780.00","0.00","1105.00","#f8f9fa"),
("5","2018-04-21","Expense 104/3","5","104/3 A/c","Balsam(400) lavani all (1850)","2250.00","0.00","3355.00","#f8f9fa"),
("7","2018-05-10","Expense 104/3","5","104/3 A/c","4575 gale + 600 seed Del.","5175.00","0.00","8530.00","#f8f9fa"),
("8","2018-05-23","Expense 104/3","5","104/3 A/c","Seeds (3500/ton)","3000.00","0.00","11530.00","#f8f9fa"),
("10","2018-06-07","Expense 104/3","5","104/3 A/c","Usamni (15 tray /140Rs)","2000.00","0.00","13530.00","#f8f9fa"),
("11","2018-06-09","Expense 104/3","5","104/3 A/c","Usamani Del.","200.00","0.00","13730.00","#f8f9fa"),
("33","2018-07-26","Expense 104/3","5","104/3 A/c","Kasin aushadh","1190.00","0.00","14920.00","#f8f9fa"),
("35","2018-08-15","Expense 104/3","5","104/3 A/c","Drenching + Spray","1320.00","0.00","16240.00","#f8f9fa"),
("39","2018-09-07","Expense 104/3","5","104/3 A/c","6690 lagudi, 200 lagudi delivery, 1800 Tractor rent","8690.00","0.00","24930.00","#f8f9fa"),
("44","2018-10-27","Expense 104/3","5","104/3 A/c","Durex, kasin aushadh..","1150.00","0.00","26080.00","#f8f9fa"),
("46","2019-03-09","Expense 104/3","5","104/3 A/c","Khabba khadyu kharch","500.00","0.00","26580.00","#f8f9fa"),
("49","2019-03-16","Expense 104/3","5","Surukaka 104/3","Cleared Bill\n","4500.00","0.00","31080.00","#f8f9fa"),
("50","2019-03-16","Expense 104/3","5","Surukaka 104/3","Need to clear the bill","0.00","100.00","30980.00","#f8f9fa"),
("51","2019-03-16","Expense 104/3","5","Surukaka 104/3","All bill clear on 30/04/19","300.00","0.00","31280.00","#f8f9fa"),
("0","1900-01-01","","5","Total","","31380.00","100.00","31280.00","#b2b6b9");




CREATE TABLE `transactions` (
  `TID` int(11) NOT NULL DEFAULT '0',
  `TDATE` date NOT NULL DEFAULT '1900-01-01',
  `PARTY1` int(3) NOT NULL DEFAULT '0',
  `PARTY2` int(3) NOT NULL DEFAULT '0',
  `CRDR` char(2) NOT NULL DEFAULT '',
  `AMT` decimal(10,2) NOT NULL DEFAULT '0.00',
  `IMGJSON` longtext CHARACTER SET utf8mb4 COLLATE utf8mb4_bin,
  `SRNO` int(10) NOT NULL DEFAULT '0',
  `NARR` varchar(150) NOT NULL DEFAULT '',
  `FYR` char(4) NOT NULL DEFAULT '',
  `UID` int(3) NOT NULL DEFAULT '0',
  KEY `TRANSDATE` (`TDATE`,`UID`,`PARTY1`,`SRNO`,`CRDR`,`FYR`) USING BTREE
) ENGINE=MyISAM DEFAULT CHARSET=latin1;


INSERT INTO transactions VALUES
("1","2018-03-21","1","2","C","28000.00","{}","1","Amount Transferred to inamti ","1819","1"),
("2","2018-03-21","1","3","C","20000.00","{}","1","Amount transferred to Maddi hola","1819","1"),
("11","2018-07-08","6","2","C","32.00","{}","1","Voda recharge","1819","2"),
("3","2018-04-14","2","5","C","325.00","{}","1","Saala sudharane","1819","1"),
("4","2018-04-15","2","5","C","780.00","{}","1","Super phospate(2 bags 700) Anand -80","1819","1"),
("5","2018-04-21","2","5","C","2250.00","{}","1","Balsam(400) lavani all (1850)","1819","1"),
("6","2018-05-10","2","6","C","900.00","{}","1","Kasin all (11x80=880 +20)","1819","1"),
("7","2018-05-10","2","5","C","5175.00","{}","1","4575 gale + 600 seed Del.","1819","1"),
("8","2018-05-23","2","5","C","3000.00","{}","1","Seeds (3500/ton)","1819","1"),
("9","2018-05-29","2","6","C","1100.00","{}","1","Kasin all ( 1100 paid for 1300)","1819","1"),
("10","2018-06-07","2","5","C","2000.00","{}","1","Usamni (15 tray /140Rs)","1819","1"),
("11","2018-06-09","2","5","C","200.00","{}","1","Usamani Del.","1819","1"),
("12","2018-06-09","2","6","C","500.00","{}","1","Usamani all (150x2 + 100x2)","1819","1"),
("13","2018-06-18","2","6","C","1000.00","{}","1","Kasa ( 12x 80)","1819","1"),
("14","2018-03-22","3","4","C","3000.00","{}","1","Sala sudharne, yatgoal, Lavni all","1819","1"),
("15","2018-05-14","3","4","C","300.00","{}","1","Akhana twice","1819","1"),
("16","2018-04-17","3","4","C","150.00","{}","1","Seed delivery","1819","1"),
("17","2018-05-10","3","4","C","3050.00","{}","1","Gale","1819","1"),
("18","2018-06-15","3","4","C","510.00","{}","1","Suli aushadh (460+50 Anand)","1819","1"),
("19","2018-05-20","3","4","C","760.00","{}","1","Tonic","1819","1"),
("20","2018-05-20","3","4","C","600.00","{}","1","Usamani","1819","1"),
("21","2018-05-18","3","4","C","910.00","{}","1","Kasa (8*80 + 3*90)","1819","1"),
("22","2018-06-23","3","4","C","2500.00","{}","1","Seeds (3500/ton)","1819","1"),
("23","2018-06-01","3","4","C","1440.00","{}","1","Kasa ( 18*80)","1819","1"),
("24","2018-06-02","3","4","C","1470.00","{}","1","Lagudi (uria + 10*26) + 100 anand","1819","1"),
("25","2018-06-18","3","4","C","1380.00","{}","1","Tamar, vidmar","1819","1"),
("26","2018-06-23","3","4","C","100.00","{}","1","Anand(spray)","1819","1"),
("27","2018-06-23","3","4","C","4970.00","{}","1","Haragu Lagudi","1819","1"),
("28","2018-06-25","3","4","C","950.00","{}","1","Hargod -yatta 600 + ravi 200 + anand 150","1819","1"),
("29","2018-06-25","3","4","C","350.00","{}","1","Akhana Ravi-200 Anand-150","1819","1"),
("30","2018-06-26","3","4","C","260.00","{}","1","Band kasa (Laxu ajja)","1819","1"),
("1","2018-07-02","1","12","C","50.00","{}","1","Bike reapair (Ganesh mestri)","1819","2"),
("2","2018-07-02","1","5","C","150.00","{}","1","Dilip pagar","1819","2"),
("3","2018-07-02","4","1","C","1000.00","{}","1","Motor repair","1819","2"),
("4","2018-07-02","1","5","C","1000.00","{}","1","Motor repair (taken from mom)","1819","2"),
("5","2018-07-04","1","12","C","500.00","{}","1","Petrol","1819","2"),
("6","2018-07-04","6","7","C","5000.00","{}","1"," Vidyasagar Sadalage, Online transfer","1819","2"),
("8","2018-07-06","4","12","C","100.00","{}","1","Bike Clutch repair","1819","2"),
("9","2018-07-08","6","2","C","356.00","{}","1","Wallet purchase on paytm","1819","2"),
("10","2018-07-08","6","4","C","459.00","{}","1","Light bill","1819","2"),
("12","2018-07-11","6","13","C","118.00","{}","1","Bank Tax","1819","2"),
("13","2018-07-12","3","1","C","7000.00","{}","1","Salary","1819","2"),
("14","2018-07-13","1","5","C","90.00","{}","1","Maddi hola (Sticker to Anilkaka)","1819","2"),
("31","2018-07-13","3","4","C","90.00","{}","1","Sticker to AnilKaka","1819","1"),
("15","2018-07-13","1","12","C","500.00","{}","1","petrol","1819","2"),
("32","2018-07-15","3","4","C","1890.00","{}","1","1690 - lagudi 200 - all pagar (2)","1819","1"),
("17","2018-07-15","1","5","C","1895.00","{}","1","Lagudi maddi hola","1819","2"),
("18","2018-07-16","1","2","C","60.00","{}","1","Bhaji on eve","1819","2"),
("19","2018-07-18","1","2","C","50.00","{}","1","Cutting","1819","2"),
("20","2018-07-23","1","2","C","3000.00","{}","1","Trip","1819","2"),
("21","2018-07-24","1","12","C","500.00","{}","1","Petrol","1819","2"),
("22","2018-07-24","1","2","C","30.00","{}","1","Office Ajji + sammed+other","1819","2"),
("23","2018-07-26","4","1","C","1200.00","{}","1","Kasin aushadh inamti","1819","2"),
("33","2018-07-26","2","5","C","1190.00","{}","1","Kasin aushadh","1819","1"),
("24","2018-07-26","1","5","C","1190.00","{}","1","Kasin aushadh inamti","1819","2"),
("34","2018-07-29","3","4","C","370.00","{}","1","220 + 150 - anand (kasa)","1819","1"),
("25","2018-07-29","1","5","C","370.00","{}","1","Maddi kasa","1819","2"),
("26","2018-07-30","6","1","C","500.00","{}","1","Transferred to arpit","1819","2"),
("27","2018-07-30","7","1","C","5000.00","{}","1","Returned by vidyasagar sadalge","1819","2"),
("29","2018-07-30","1","4","C","2200.00","{}","1","All previous money borrowed from home cleared","1819","2"),
("30","2018-07-31","1","12","C","500.00","{}","1","Patrol","1819","2"),
("31","2018-08-02","1","13","C","1660.00","{}","1","Belguam 1000+40+260+120+240","1819","2"),
("32","2018-08-03","1","2","C","94.00","{}","1","Shampoo","1819","2"),
("33","2018-08-05","6","4","C","29800.00","{}","1","TV + 2 stabilizers (25500 + 1300 + 3000 )","1819","2"),
("34","2018-08-07","6","1","C","737.00","{}","1","Amars Tablets","1819","2"),
("35","2018-08-09","6","4","C","465.00","{}","1","Lightbill","1819","2"),
("60","2018-09-06","7","1","C","8000.00","{}","1","Dada given in cash","1819","2"),
("37","2018-08-10","3","1","C","7000.00","{}","1","","1819","2"),
("38","2018-08-10","1","12","C","500.00","{}","1","Petrol","1819","2"),
("39","2018-08-11","1","2","C","300.00","{}","1","D-Mart","1819","2"),
("35","2018-08-15","2","5","C","1320.00","{}","1","Drenching + Spray","1819","1"),
("40","2018-08-15","1","12","C","1200.00","{}","1","Bike servicing + chain wheel , oil changed on 55803","1819","2"),
("41","2018-08-15","1","5","C","1320.00","{}","1","Inamti, spray + drenching","1819","2"),
("42","2018-08-18","1","2","C","70.00","{}","1","20 seeds + 50","1819","2"),
("43","2018-08-18","5","9","C","6237.00","{}","1","Taken from Vidyasagar sadalge as cash + Amar tablets + Cash by arpit","1819","2"),
("46","2018-08-19","1","5","C","200.00","{}","1","Laxman ajja...neer","1819","2"),
("45","2018-08-18","1","12","C","500.00","{}","1","Patrol","1819","2"),
("36","2018-08-19","3","4","C","200.00","{}","1","Laxman ajja, Neer","1819","1"),
("47","2018-08-21","1","2","C","50.00","{}","1","Cutting","1819","2"),
("48","2018-08-22","1","5","C","600.00","{}","1","Aushad spray all agar- inamti","1819","2"),
("37","2018-08-22","2","6","C","400.00","{}","1","Aushadh spray all pagar - 200*3 , kasa,drinching,spray","1819","1"),
("150","2018-11-08","1","13","C","600.00","{}","1","diwali","1819","2"),
("49","2018-08-24","6","2","C","174.00","{}","1","Extra shoes","1819","2"),
("50","2018-08-25","1","13","C","314.00","{}","1","150 chocolate, 164 Paneer","1819","2"),
("38","2018-08-26","3","4","C","130.00","{}","1","80 Thimit, 50 vagyod","1819","1"),
("51","2018-08-27","1","13","C","1000.00","{}","1","Rakshabandhan","1819","2"),
("52","2018-08-27","6","13","C","400.00","{}","1","Gift To Nashik","1819","2"),
("53","2018-08-27","5","9","C","574.00","{}","1","Nasik gift + extra shoes","1819","2"),
("54","2018-08-27","1","5","C","130.00","{}","1","Thimit+ vagyod In maddi hola","1819","2"),
("55","2018-08-29","1","2","C","320.00","{}","1","290- dhaba , Anil kaka spects-30","1819","2"),
("56","2018-08-29","6","7","C","20000.00","{}","1","Dada patil","1819","2"),
("57","2018-08-31","1","13","D","2200.00","{}","1","Election ","1819","2"),
("58","2018-09-05","1","12","C","500.00","{}","1","Petrol","1819","2"),
("61","2018-09-07","1","5","C","8690.00","{}","1","6690 Lagudi, 200 lagudi delivery,1800 tractor rent","1819","2"),
("59","2018-09-06","6","4","C","415.00","{}","1","Light bill - actual bill 449","1819","2"),
("62","2018-09-08","5","9","C","8000.00","{}","1","Dada paid in cash","1819","2"),
("39","2018-09-07","2","5","C","8690.00","{}","1","6690 lagudi, 200 lagudi delivery, 1800 Tractor rent","1819","1"),
("63","2018-09-07","11","10","C","30.00","{}","1","1.5 leter","1819","2"),
("64","2018-09-07","10","11","C","69.00","{}","1","1.5 leter","1819","2"),
("65","2018-09-07","10","11","D","50.00","{}","1","1 liter\n\n","1819","2");
INSERT INTO transactions VALUES
("66","2018-09-07","10","11","C","46.00","{}","1","1 liter","1819","2"),
("67","2018-09-08","11","10","C","50.00","{}","1","1 liter","1819","2"),
("68","2018-09-08","10","11","C","46.00","{}","1","1 liter","1819","2"),
("70","2018-09-09","11","10","C","50.00","{}","1","1 liter","1819","2"),
("69","2018-09-09","1","4","C","740.00","{}","1","100 ft Pipe","1819","2"),
("71","2018-09-09","10","11","C","46.00","{}","1","1 liter","1819","2"),
("72","2018-09-09","1","2","C","400.00","{}","1","Cloths + pizza in office","1819","2"),
("73","2018-09-10","3","1","C","7000.00","{}","1","","1819","2"),
("74","2018-09-10","6","7","C","4250.00","{}","1","Given to Mayur tavanakke","1819","2"),
("75","2018-09-11","11","10","C","61.00","{}","1","1.5 litter with extra 4Rp","1819","2"),
("76","2018-09-11","10","11","C","73.00","{}","1","1.5 liter with extra","1819","2"),
("77","2018-09-12","7","6","C","16250.00","{}","1","Returned by Dada and Mayur","1819","2"),
("78","2018-09-14","1","7","C","3000.00","{}","1","Anil kaka","1819","2"),
("79","2018-09-13","1","6","C","750.00","{}","1","Deposited in account","1819","2"),
("80","2018-09-14","1","7","C","200.00","{}","1","Papu kaka","1819","2"),
("81","2018-09-14","11","10","C","100.00","{}","1","1.5 liter","1819","2"),
("82","2018-09-14","10","11","C","69.00","{}","1","1.5 liter","1819","2"),
("83","2018-09-15","1","13","C","300.00","{}","1","100 sugar Free, 200 Dont know","1819","2"),
("84","2018-09-16","1","4","C","1490.00","{}","1","Grocery","1819","2"),
("85","2018-09-16","11","10","C","38.00","{}","1","1.5 liter","1819","2"),
("86","2018-09-16","11","10","D","69.00","{}","1","1 liter","1819","2"),
("87","2018-09-16","1","13","C","1500.00","{}","1","Ganapati Patti","1819","2"),
("88","2018-08-29","1","12","C","500.00","{}","1","Petrol","1819","2"),
("89","2018-09-15","1","12","C","500.00","{}","1","Petrol","1819","2"),
("90","2018-09-17","6","2","C","214.00","{}","1","Recharge","1819","2"),
("91","2018-09-17","5","9","C","214.00","{}","1","Recharge to agent and my number","1819","2"),
("92","2018-09-18","11","10","C","100.00","{}","1","1.5 liter","1819","2"),
("93","2018-09-18","10","11","C","69.00","{}","1","1.5 liter","1819","2"),
("94","2018-09-20","11","10","C","200.00","{}","1","3 liter","1819","2"),
("95","2018-09-20","10","11","C","198.00","{}","1","3 liter + returned 60 Rps","1819","2"),
("96","2018-09-21","10","11","C","46.00","{}","1","1 liter","1819","2"),
("97","2018-09-22","1","12","C","500.00","{}","1","Petrol","1819","2"),
("98","2018-09-23","10","11","C","69.00","{}","1","1.5 liter","1819","2"),
("99","2018-09-24","11","10","C","50.00","{}","1"," 1 liter","1819","2"),
("100","2018-09-24","10","11","C","46.00","{}","1","1 liter","1819","2"),
("101","2018-09-24","10","11","C","69.00","{}","1","1.5 liter","1819","2"),
("102","2018-09-25","10","11","C","46.00","{}","1","1 litet","1819","2"),
("103","2018-09-26","1","2","C","84.00","{}","1","Borgao, BJ.. Sdg VP","1819","2"),
("104","2018-09-27","10","11","C","69.00","{}","1","1.5 liter","1819","2"),
("105","2018-09-27","11","10","C","300.00","{}","1","Paid","1819","2"),
("106","2018-09-28","11","10","C","31.00","{}","1","1.5 liter","1819","2"),
("107","2018-09-28","10","11","C","69.00","{}","1","1.5 liter","1819","2"),
("108","2018-09-29","1","12","C","500.00","{}","1","Petrol","1819","2"),
("109","2018-09-29","11","10","C","70.00","{}","1","1.5 liter","1819","2"),
("110","2018-09-29","10","11","C","69.00","{}","1","1.5 liter","1819","2"),
("111","2018-09-30","1","5","C","1440.00","{}","1","1340 lagudi,Pagar 100 - maddi hola","1819","2"),
("112","2018-09-30","1","5","C","1800.00","{}","1","Layman ajja, neer. 200, 500(10/10/18),100(21/10/18),500(6/10/18),500\n(21/12/18 ajji jatri)","1819","2"),
("40","2018-09-30","3","4","C","1440.00","{}","1","1340 lagudi,Pagar 100","1819","1"),
("41","2018-09-30","3","4","C","1800.00","{}","1","Laxman ajja, Neer, 200, 500(10/10/18),100(21/10/18),500(6/10/18),\n500(21/12/18 ajji neer)","1819","1"),
("113","2018-09-30","6","13","D","1183.33","{}","1","Interest","1819","2"),
("114","2018-09-30","4","1","C","1900.00","{}","1","Taken from mom for lagudi 1500 and extra 500","1819","2"),
("115","2018-10-04","1","2","C","90.00","{}","1","Dmart","1819","2"),
("116","2018-10-05","1","12","C","500.00","{}","1","Petrol","1819","2"),
("117","2018-10-07","6","1","C","2500.00","{}","1","Borrowed ","1819","2"),
("118","2018-10-07","1","5","C","1690.00","{}","1","400 inamti spray, 1190 maddi kasin aushadh, 100 anand","1819","2"),
("42","2018-10-07","3","4","C","700.00","{}","1"," 600 kasin aushadh, 100 anand","1819","1"),
("43","2018-10-07","2","6","C","400.00","{}","1","Hargu lagudi, sala sudharne","1819","1"),
("119","2018-10-08","6","1","C","100.00","{}","1","Sugar free gold(Raygond kaka)","1819","2"),
("120","2018-10-09","6","4","C","511.00","{}","1","Light bill","1819","2"),
("121","2018-10-11","6","2","C","339.00","{}","1","Jio recharge","1819","2"),
("125","2018-10-14","1","12","C","300.00","{}","1","Petrol","1819","2"),
("122","2018-10-12","6","1","C","2000.00","{}","1","Taken from raju wali","1819","2"),
("123","2018-10-12","1","13","C","1700.00","{}","1","No need","1819","2"),
("124","2018-10-12","1","12","C","140.00","{}","1","Indicator Buzzer, petrol (100)","1819","2"),
("126","2018-10-14","1","2","C","50.00","{}","1","Chapti","1819","2"),
("127","2018-10-15","3","1","C","8000.00","{}","1","","1819","2"),
("128","2018-10-18","1","2","C","100.00","{}","1","Jagarani","1819","2"),
("129","2018-10-17","1","12","C","500.00","{}","1","Petrol","1819","2"),
("144","2018-11-04","1","4","C","300.00","{}","1","Khave 1 Kg","1819","2"),
("143","2018-11-04","1","4","C","5000.00","{}","1","From salary, returned with 1900 borrowed","1819","2"),
("142","2018-11-04","3","1","C","16000.00","{}","1","","1819","2"),
("130","2018-10-19","1","2","C","350.00","{}","1","Belt","1819","2"),
("131","2018-10-20","1","2","C","550.00","{}","1","Football post contribution","1819","2"),
("132","2018-10-21","1","13","C","200.00","{}","1","Petrol(Jysngpr)","1819","2"),
("140","2018-10-31","1","2","C","100.00","{}","1","Cutting","1819","2"),
("134","2018-10-23","1","12","C","500.00","{}","1","Petrol","1819","2"),
("44","2018-10-27","2","5","C","1150.00","{}","1","Durex, kasin aushadh..","1819","1"),
("135","2018-10-27","1","5","C","560.00","{}","1","Kasin aushadh...inamti..with half of Maddi hola","1819","2"),
("45","2018-10-29","2","6","C","400.00","{}","1","Kasin aushadh..","1819","1"),
("136","2018-10-29","1","5","C","400.00","{}","1","Inamti kasin aushadh aal pagar","1819","2"),
("139","2018-10-30","1","2","C","700.00","{}","1","Shopping","1819","2"),
("138","2018-10-30","1","12","C","500.00","{}","1","Petrol","1819","2"),
("141","2018-11-02","1","13","C","1750.00","{}","1","1450+50 maddi pipeline patti, 600 as second time..300 paid 300 cut from my presence","1819","2"),
("145","2018-11-06","1","13","C","800.00","{}","1","Surukaka bill from last year","1819","2"),
("146","2018-11-07","6","4","C","516.00","{}","1","Light Bill","1819","2"),
("147","2018-11-05","1","2","C","2820.00","{}","1","Diwali shopping","1819","2"),
("148","2018-11-05","1","4","C","530.00","{}","1","Dmart","1819","2"),
("149","2018-11-05","1","12","C","500.00","{}","1","Petrol; 100 on 13/11/18,100 on 17/11/18","1819","2"),
("151","2018-11-09","1","12","C","1130.00","{}","1","250- number plate, 450- servicing, oil changed on 59290Km,430 for break (17/11/18)","1819","2"),
("203","2019-01-29","1","12","C","500.00","{}","1","Petrol","1819","2"),
("202","2019-01-28","1","2","C","130.00","{}","1","Football","1819","2"),
("152","2018-11-09","6","7","C","5000.00","{}","1","Dada patil","1819","2"),
("153","2018-11-10","1","13","C","300.00","{}","1","Inamti motor patti","1819","2"),
("155","2018-11-13","6","2","C","64.00","{}","1","Recharge","1819","2"),
("160","2018-11-24","6","1","C","1000.00","{}","1","ATM testing","1819","2"),
("159","2018-11-24","1","2","C","280.00","{}","1","Medic","1819","2"),
("201","2019-01-28","2","6","D","35.00","{}","1","Voda recharge","1819","2"),
("156","2018-11-18","1","12","C","500.00","{}","1","Petrol","1819","2"),
("157","2018-11-19","5","6","C","4730.75","{}","1","3rd Factory bill with 100/ton","1819","2"),
("158","2018-11-22","7","6","C","5000.00","{}","1","Returned by Dada Patil","1819","2");
INSERT INTO transactions VALUES
("165","2018-12-05","12","1","D","600.00","{}","1","Petrol","1819","2"),
("164","2018-12-05","1","12","C","500.00","{}","1","Repair after accident","1819","2"),
("161","2018-11-27","1","2","C","2100.00","{}","1","Trip","1819","2"),
("162","2018-11-27","1","12","C","500.00","{}","1","Petrol","1819","2"),
("163","2018-11-27","6","7","C","5000.00","{}","1","Dada patil","1819","2"),
("166","2018-12-11","1","4","C","110.00","{}","1","Sugar free gold","1819","2"),
("167","2018-12-11","1","2","C","100.00","{}","1","Socks","1819","2"),
("168","2018-12-11","3","1","C","8000.00","{}","1","","1819","2"),
("169","2018-12-13","6","4","C","477.00","{}","1","Light bill - 505","1819","2"),
("170","2018-12-14","7","6","C","5000.00","{}","1","Returned by Dada patil","1819","2"),
("171","2018-12-14","1","4","C","70.00","{}","1","Tubelight","1819","2"),
("172","2018-12-16","1","12","C","500.00","{}","1","Petrol","1819","2"),
("173","2018-12-16","1","13","C","200.00","{}","1","Khadka aal pagar","1819","2"),
("174","2018-12-21","1","13","C","1000.00","{}","1","Panchayati","1819","2"),
("175","2018-12-22","1","2","C","210.00","{}","1","KGF","1819","2"),
("176","2018-12-23","6","2","C","5897.00","{}","1","Dress(PE)","1819","2"),
("177","2018-12-25","12","1","D","500.00","{}","1","Petrol","1819","2"),
("178","2018-12-25","1","2","C","100.00","{}","1","Dinner in farm","1819","2"),
("179","2018-12-28","1","7","C","100.00","{}","1","Rushabh ample","1819","2"),
("180","2018-12-28","6","13","C","15.00","{}","1","Message charges by bank","1819","2"),
("182","2019-01-03","12","1","D","500.00","{}","1","Petrol","1819","2"),
("181","2019-01-01","13","6","C","1003.79","{}","1","Interst","1819","2"),
("183","2019-01-05","1","2","C","40.00","{}","1","PE Shirt Alter","1819","2"),
("184","2019-01-06","6","4","C","436.00","{}","1","Light bill","1819","2"),
("185","2019-01-07","1","2","C","60.00","{}","1","Cutting","1819","2"),
("186","2019-01-09","1","4","C","110.00","{}","1","Digital life certificate","1819","2"),
("187","2019-01-09","1","7","C","2000.00","{}","1","Suru kaka","1819","2"),
("188","2019-01-10","6","4","C","1800.00","{}","1","Cable bill","1819","2"),
("189","2019-01-11","6","2","C","667.00","{}","1","Studs","1819","2"),
("190","2019-01-12","12","1","D","500.00","{}","1","Petrol","1819","2"),
("191","2019-01-12","1","7","D","3000.00","{}","1","Finally returned by Anil Kaka","1819","2"),
("192","2019-01-14","3","1","C","8000.00","{}","1","","1819","2"),
("193","2019-01-15","1","5","C","100.00","{}","1","Inamti motor","1819","2"),
("194","2019-01-15","7","1","C","2000.00","{}","1","Returned by suru kaka, Exactly On Time","1819","2"),
("195","2019-01-20","1","7","C","1000.00","{}","1","Suru kaka","1819","2"),
("196","2019-01-21","1","2","C","225.00","{}","1","D-mart","1819","2"),
("197","2019-01-21","1","12","C","500.00","{}","1","Petrol","1819","2"),
("198","2019-01-21","1","7","D","1000.00","{}","1","Returned by suru kaka","1819","2"),
("199","2019-01-25","7","1","C","100.00","{}","1","Returned By Rushabh Khot","1819","2"),
("200","2019-01-26","1","2","C","150.00","{}","1","Republic Day","1819","2"),
("7","2018-07-05","1","2","C","200.00","{}","1","Hospital (Accident)","1819","2"),
("204","2019-02-05","6","4","C","425.00","{}","1","Light bill","1819","2"),
("205","2019-02-06","1","2","C","250.00","{}","1","Utari Print, Pachim bhag New account open","1819","2"),
("206","2019-02-06","1","13","C","1000.00","{}","1","","1819","2"),
("207","2019-02-07","1","7","C","5000.00","{}","1","Suru kaka","1819","2"),
("208","2019-02-07","12","1","D","300.00","{}","1","Petrol","1819","2"),
("209","2019-02-11","12","1","D","400.00","{}","1","Servicing, Oil changed at 62820","1819","2"),
("210","2019-02-11","12","1","D","500.00","{}","1","Petrol","1819","2"),
("211","2019-02-12","1","3","D","9000.00","{}","1","","1819","2"),
("212","2019-02-13","1","13","C","100.00","{}","1","Activated KVG dormant account","1819","2"),
("213","2019-02-14","2","1","D","376.00","{}","1","D-Mart","1819","2"),
("214","2019-02-14","2","1","D","50.00","{}","1","Borgao","1819","2"),
("215","2019-02-15","1","7","D","5000.00","{}","1","Returned by Suru Kaka","1819","2"),
("216","2019-02-16","12","1","D","900.00","{}","1","Bike tyre(for claim), changed at 63000","1819","2"),
("217","2019-02-16","7","1","D","150.00","{}","1","Rushabh karangale","1819","2"),
("218","2019-02-17","2","1","D","100.00","{}","1","Cutting..(20) due","1819","2"),
("219","2019-02-15","1","4","C","180.00","{}","1","Home","1819","2"),
("220","2019-02-21","12","1","D","500.00","{}","1","Petrol","1819","2"),
("221","2019-02-21","13","1","D","1300.00","{}","1","","1819","2"),
("222","2019-02-22","1","4","C","228.00","{}","1","Sugar free gold, cold drinks","1819","2"),
("223","2019-02-23","2","1","D","309.00","{}","1","U- Garments","1819","2"),
("224","2019-02-26","1","7","C","1000.00","{}","1","Sammed","1819","2"),
("225","2019-03-01","12","1","D","500.00","{}","1","Petrol","1819","2"),
("226","2019-03-02","2","1","D","100.00","{}","1","Me and amit","1819","2"),
("227","2019-02-27","7","1","C","1000.00","{}","1","Returned by Sammed","1819","2"),
("228","2019-03-03","13","1","D","500.00","{}","1","Maddi pipeline patti","1819","2"),
("229","2019-03-03","2","1","D","240.00","{}","1","Dinner","1819","2"),
("46","2019-03-09","2","5","C","500.00","{}","1","Khabba khadyu kharch","1819","1"),
("230","2019-03-09","1","13","C","550.00","{}","1","Inamti khabba kalsu kharch","1819","2"),
("231","2019-03-09","4","1","D","1000.00","{}","1","Cylinder ","1819","2"),
("232","2019-03-10","12","1","D","500.00","{}","1","Petrol ","1819","2"),
("233","2019-03-11","1","7","C","10000.00","{}","1","Dada Patil","1819","2"),
("234","2019-03-10","2","6","D","19000.00","{}","1","Samsung  A50 ","1819","2"),
("235","2019-03-11","6","4","C","470.00","{}","1","441 electricity  bill, 29 my recharge.","1819","2"),
("236","2019-03-12","13","1","D","780.00","{}","1","Maddi khabba kalsod \n","1819","2"),
("47","2019-03-12","3","4","C","500.00","{}","1","Khabba  kalsod ","1819","1"),
("237","2019-03-14","2","1","D","100.00","{}","1","Watch repair ","1819","2"),
("238","2019-03-14","1","3","D","9000.00","{}","1","","1819","2"),
("239","2019-03-16","1","2","C","1730.00","{}","1","Bday party","1819","2"),
("48","2019-03-16","3","4","C","100.00","{}","1","Madd arsod ,maddi hola ","1819","1"),
("240","2019-03-18","1","7","C","2000.00","{}","1","Surukaka","1819","2"),
("241","2019-03-18","12","1","D","500.00","{}","1","Petrol ","1819","2"),
("1","2019-03-25","7","1","C","50000.00","{}","1","Bill of Guru Datt","1920","1"),
("2","2019-03-25","5","1","D","800.00","{}","1","Chagala thumbu aal Pagar ","1920","1"),
("242","2019-03-24","13","1","D","800.00","{}","1","Inamti chagala thumbod ","1819","2"),
("243","2019-03-26","6","2","C","349.00","{}","1","Jio recharge ","1819","2"),
("244","2019-03-24","1","13","C","300.00","{}","1","Maddi roundi sudod ","1819","2"),
("245","2019-03-27","1","2","C","354.00","{}","1","D mart","1819","2"),
("3","2019-03-27","1","4","C","300.00","{}","1","Roundi sarsi sudod ","1920","1"),
("246","2019-03-26","12","1","D","500.00","{}","1","Petrol ","1819","2"),
("247","2019-03-27","6","13","C","15.00","{}","1","Message charge","1819","2"),
("4","2019-03-30","4","8","D","230.00","{}","1","Neer (28 March night,30 morning, 30 night 2 hours)","1920","1"),
("248","2019-03-29","6","7","D","10000.00","{}","1","Returned by Dada","1819","2"),
("249","2019-03-29","14","2","C","1000.00","{}","1","Dinner-office","1819","2"),
("250","2019-03-31","1","4","C","800.00","{}","1","Cylinder ","1819","2"),
("251","2019-03-31","1","13","C","118.00","{}","1","Matched the buffering at financial year end","1819","2"),
("1","2019-04-02","6","13","D","903.09","{}","1","Interest ","1920","2"),
("2","2019-04-02","1","2","C","120.00","{}","1","Hanuman dosa","1920","2"),
("3","2019-04-03","1","12","C","500.00","{}","1","Petrol ","1920","2"),
("4","2019-04-03","1","4","C","1200.00","{}","1","Expenses ","1920","2");
INSERT INTO transactions VALUES
("15","2019-04-15","1","7","C","2000.00","{}","1","Sammed,expected to return tomorrow","1920","2"),
("6","2019-04-05","1","5","C","270.00","{}","1","Inamti Lagudi ","1920","2"),
("5","2019-04-04","5","1","D","270.00","{}","1","Lagudi","1920","1"),
("6","2019-04-04","1","9","C","1010.00","{}","1","T Yabsod","1920","1"),
("7","2019-04-05","6","4","C","528.00","{}","1","Light bill","1920","2"),
("2","2021-03-11","5","1","D","1000.00","{}","1","Bal Bharani","2122","1"),
("8","2019-04-09","6","15","D","45057.00","{}","1","Inamti Bill (2300)","1920","2"),
("9","2019-04-11","13","6","D","272.00","{}","1","Factory bill cheque commission ","1920","2"),
("10","2019-04-11","1","3","D","9000.00","{}","1","","1920","2"),
("11","2019-04-12","12","1","D","500.00","{}","1","Petrol","1920","2"),
("49","2019-03-16","5","6","D","4500.00","{}","1","Cleared Bill\n","1819","1"),
("50","2019-03-16","5","6","C","100.00","{}","1","Need to clear the bill","1819","1"),
("12","2019-04-14","1","13","C","2500.00","{}","1","Suru kaka last year bill clear","1920","2"),
("13","2019-04-15","1","5","C","540.00","{}","1","2 urea...inamti and maddi each","1920","2"),
("7","2019-04-15","5","1","D","270.00","{}","1","Urea ","1920","1"),
("8","2019-04-15","4","1","D","270.00","{}","1","Urea ","1920","1"),
("9","2019-04-14","9","1","D","100.00","{}","1","Fuse and other","1920","1"),
("14","2019-04-14","1","5","C","100.00","{}","1","Inamti Motor ","1920","2"),
("5","2019-04-04","1","5","C","1010.00","{}","1","Inamti T Tagyod","1920","2"),
("65","2020-08-02","1","2","C","100.00","{}","1","Cutting","2021","2"),
("64","2020-08-02","1","12","C","330.00","{}","1","Oil Changed at 81077 KM","2021","2"),
("16","2019-04-16","7","1","C","2000.00","{}","1","Returned By Sammed ","1920","2"),
("17","2019-04-17","1","2","C","90.00","{}","1","Meeting ","1920","2"),
("16","2018-07-14","6","2","C","749.00","{}","1","sandles","1819","2"),
("66","2020-08-03","1","13","C","1500.00","{}","1","Raksha Bandhan","2021","2"),
("18","2019-04-18","6","2","C","22.00","{}","1","Jio booster","1920","2"),
("10","2019-04-17","4","8","D","230.00","{}","1","One day one night ","1920","1"),
("11","2019-04-18","4","8","D","115.00","{}","1","Vijay patil pali(night)","1920","1"),
("19","2019-04-19","1","12","C","500.00","{}","1","Petrol ","1920","2"),
("20","2019-04-20","1","2","C","350.00","{}","1","Dinner 300+50","1920","2"),
("21","2019-04-22","1","2","C","290.00","{}","1","Hospital (football)","1920","2"),
("22","2019-04-23","6","2","C","163.00","{}","1","Dream 11","1920","2"),
("24","2019-04-27","12","1","D","500.00","{}","1","Petrol","1920","2"),
("25","2019-04-27","1","2","C","350.00","{}","1","Dinner ","1920","2"),
("12","2019-04-27","4","8","D","230.00","{}","1","Night 2.00, mornig 9.00","1920","1"),
("26","2019-04-29","6","7","C","720.00","{}","1","Mayur , cash expected ","1920","2"),
("27","2019-04-30","7","5","C","720.00","{}","1","700 inamti aal pagar","1920","2"),
("28","2019-04-30","1","13","C","300.00","{}","1","Surukaka inamti bill clear ","1920","2"),
("51","2019-03-16","5","6","D","300.00","{}","1","All bill clear on 30/04/19","1819","1"),
("13","2019-04-30","1","6","C","700.00","{}","1","Kasin all","1920","1"),
("29","2019-05-02","1","13","C","1510.00","{}","1","","1920","2"),
("30","2019-05-02","12","1","D","130.00","{}","1","Buzzer ","1920","2"),
("14","2019-05-03","4","8","D","115.00","{}","1","Viju tatya pali, 12 noon","1920","1"),
("31","2019-05-03","6","15","D","43125.00","{}","1","Maddi bill","1920","2"),
("32","2019-05-06","12","1","D","500.00","{}","1","Petrol ","1920","2"),
("33","2019-05-09","6","4","C","643.00","{}","1","Light bill ","1920","2"),
("34","2019-05-11","12","1","D","500.00","{}","1","Petrol","1920","2"),
("35","2019-05-11","1","5","C","1020.00","{}","1","Maddi kasin aal pagar ","1920","2"),
("15","2019-05-12","1","4","C","1020.00","{}","1","Kasin all pagar","1920","1"),
("36","2019-05-14","1","3","D","9000.00","{}","1","","1920","2"),
("37","2019-05-15","1","7","C","2000.00","{}","1","Surukaka, For two/three days ","1920","2"),
("38","2019-05-15","6","15","D","9639.00","{}","1","Gurudatt remaining bill paid","1920","2"),
("16","2019-05-17","1","4","C","200.00","{}","1","Raju Vader neer ","1920","1"),
("39","2019-05-17","1","5","C","200.00","{}","1","Raju Vader neer","1920","2"),
("17","2019-05-17","4","8","D","230.00","{}","1","Our pali wasted due to light consumption, raju and Vijay kaka pali with 200 paid for raju pali","1920","1"),
("40","2019-05-18","12","1","D","200.00","{}","1","Petrol ","1920","2"),
("24","2019-06-15","1","4","C","800.00","{}","1","Kasin aushadh","1920","1"),
("41","2019-05-21","12","1","D","500.00","{}","1","Petrol ","1920","2"),
("42","2019-05-26","1","2","C","210.00","{}","1","Dinner","1920","2"),
("43","2019-05-27","1","13","C","363.00","{}","1","","1920","2"),
("44","2019-05-27","12","1","D","350.00","{}","1","Petrol ","1920","2"),
("45","2019-05-27","1","5","C","1000.00","{}","1","Inamti kasin all pagar ","1920","2"),
("18","2019-05-27","1","6","C","1000.00","{}","1","Kasin all pagar, 500 on 12/06/19","1920","1"),
("19","2019-05-26","4","8","D","115.00","{}","1","Need to cross check later, never get the water after 3 pali..giving amount for coming with me to the river","1920","1"),
("46","2019-05-29","1","13","C","1670.00","{}","1","","1920","2"),
("47","2019-06-01","15","6","C","11754.00","{}","1","Factory bill, 118 commission ","1920","2"),
("48","2019-06-01","1","12","C","500.00","{}","1","Petrol ","1920","2"),
("20","2019-06-01","4","8","D","115.00","{}","1","Yesterday night one n half hour, and today one hour.(230)","1920","1"),
("49","2019-06-06","1","5","C","1230.00","{}","1","Inamti Hargod, 500 tractor,200 lagudi all,200 saal sudharne","1920","2"),
("21","2019-06-06","1","5","C","7910.00","{}","1","Hargod, 7080 Lagudi,500 tractor ","1920","1"),
("50","2019-06-07","6","5","C","7080.00","{}","1","Inamti Hargod ","1920","2"),
("51","2019-06-09","1","7","C","500.00","{}","1","Anil kaka...Forget it","1920","2"),
("22","2019-06-09","4","8","D","115.00","{}","1","Did not go at night due to rain..only eve pali","1920","1"),
("52","2019-06-10","12","1","D","500.00","{}","1","Petrol ","1920","2"),
("53","2019-06-10","6","4","C","723.00","{}","1","Light bill ","1920","2"),
("54","2019-06-10","6","4","C","15000.00","{}","1","Given in Home","1920","2"),
("55","2019-06-11","1","3","D","10000.00","{}","1","","1920","2"),
("23","2019-06-12","1","6","C","400.00","{}","1","200 lagudi all, 200 saal sudharne","1920","1"),
("56","2019-06-14","1","2","C","250.00","{}","1","Shorts,Bus stand,50 in home","1920","2"),
("57","2019-06-15","1","5","C","800.00","{}","1","Maddi Hola kasin Aushadh","1920","2"),
("58","2019-06-15","7","1","D","1000.00","{}","1","Given To Amar ","1920","2"),
("59","2019-06-17","12","1","D","500.00","{}","1","Petrol ","1920","2"),
("60","2019-06-20","6","2","C","349.00","{}","1","Jio recharge ","1920","2"),
("61","2019-06-20","1","13","C","1600.00","{}","1","Paschim Bhag path Account ","1920","2"),
("62","2019-06-21","1","5","C","580.00","{}","1","Maddi hola hargod","1920","2"),
("25","2019-06-21","1","4","C","450.00","{}","1","Hragod","1920","1"),
("64","2019-06-23","6","5","C","7000.00","{}","1","Maddi hola Hargod ","1920","2"),
("65","2019-06-23","1","5","C","1000.00","{}","1","Maddi hola hargod,Akahana Ravi 400, raju 150, Lagudi vaged 150, yattgol 500...extra amount included in 7000","1920","2"),
("66","2019-06-23","12","1","D","400.00","{}","1","Bike servicing at 68850Km Oil change","1920","2"),
("26","2019-06-23","1","4","C","8530.00","{}","1","Hargod","1920","1"),
("67","2019-06-24","7","4","C","3000.00","{}","1","Returned by suru kaka Taken by Mom,And returned By Amar","1920","2"),
("68","2019-06-26","4","7","C","1000.00","{}","1","Given to Jayashree kaku","1920","2"),
("69","2019-06-27","13","7","D","2000.00","{}","1","Adjusted suru kaka in factory bill","1920","2"),
("70","2019-06-26","12","1","D","500.00","{}","1","Petrol ","1920","2"),
("71","2019-06-27","1","7","D","1000.00","{}","1","Returned by Jayashree kaku in just one day","1920","2"),
("72","2019-06-30","1","13","C","1800.00","{}","1","Kolhapur","1920","2"),
("73","2019-06-30","1","2","C","150.00","{}","1","Bday high school ","1920","2"),
("74","2019-06-30","1","4","C","400.00","{}","1","24×7 Pipe joint , 100 appu jadav","1920","2"),
("75","2019-06-30","6","13","D","1465.89","{}","1","Interest,  15 rp SMS charge considered ","1920","2"),
("76","2019-07-04","12","1","D","500.00","{}","1","Petrol ","1920","2");
INSERT INTO transactions VALUES
("77","2019-07-06","1","2","C","170.00","{}","1","Dinner","1920","2"),
("78","2019-07-09","1","2","C","614.00","{}","1","Demart ","1920","2"),
("79","2019-07-10","6","4","C","577.00","{}","1","Light bill","1920","2"),
("80","2019-07-11","6","2","C","67.00","{}","1","Recharge, data booster ","1920","2"),
("81","2019-07-11","1","2","C","60.00","{}","1","Saloon ","1920","2"),
("82","2019-07-12","1","3","D","10000.00","{}","1","","1920","2"),
("83","2019-07-15","1","2","C","720.00","{}","1","700 xray","1920","2"),
("84","2019-07-15","1","5","C","200.00","{}","1","100 motor tagged, 100 home exp","1920","2"),
("85","2019-07-16","1","7","C","1500.00","{}","1","Pampu kaka...4 days","1920","2"),
("86","2019-07-17","2","6","D","679.33","{}","1","Jersey ","1920","2"),
("87","2019-07-20","1","2","C","130.00","{}","1","Parcel from stand","1920","2"),
("88","2019-07-14","12","1","D","500.00","{}","1","Petrol ","1920","2"),
("89","2019-07-23","12","1","D","500.00","{}","1","Petrol ","1920","2"),
("90","2019-07-23","1","4","C","100.00","{}","1","Given as a change ","1920","2"),
("91","2019-07-23","7","1","C","1500.00","{}","1","Return by Papu Kaka","1920","2"),
("92","2019-07-22","1","5","D","350.00","{}","1","Returned by kalpvraksha, wrong bill ","1920","2"),
("93","2019-07-25","1","2","C","700.00","{}","1","Studs","1920","2"),
("27","2019-07-20","1","5","C","1120.00","{}","1","Kasin Aushadh ","1920","1"),
("28","2019-07-20","1","4","C","790.00","{}","1","Kasin Aushadh ","1920","1"),
("94","2019-07-21","6","5","C","2260.00","{}","1","Kasin Aushadh for both farms ","1920","2"),
("29","2019-07-29","1","6","C","200.00","{}","1","Kasin Aushadh ","1920","1"),
("95","2019-07-29","1","5","C","200.00","{}","1","Inamti,  Aushadh pagar ","1920","2"),
("96","2019-07-29","12","1","D","500.00","{}","1","Petrol ","1920","2"),
("97","2019-07-30","1","2","C","550.00","{}","1","Raincoat","1920","2"),
("98","2019-08-02","1","4","C","3000.00","{}","1","","1920","2"),
("99","2019-08-12","1","7","C","300.00","{}","1","Amar Latimarde, upto tomorrow ","1920","2"),
("100","2019-08-15","1","13","C","2000.00","{}","1","Raksha bandhan","1920","2"),
("101","2019-08-06","12","1","D","200.00","{}","1","Petrol ","1920","2"),
("102","2019-08-15","1","5","C","100.00","{}","1","Maddi hola kasa","1920","2"),
("30","2019-08-15","1","4","C","100.00","{}","1","Kasa pagar","1920","1"),
("103","2019-08-16","1","12","C","500.00","{}","1","Petrol ","1920","2"),
("104","2019-08-19","1","3","D","10000.00","{}","1","","1920","2"),
("105","2019-08-20","6","4","C","558.00","{}","1","Light bill","1920","2"),
("114","2019-09-03","12","1","D","500.00","{}","1","Petrol ","1920","2"),
("107","2019-08-23","12","1","D","500.00","{}","1","Petrol ","1920","2"),
("108","2019-08-23","1","2","C","50.00","{}","1","Cutting ","1920","2"),
("109","2019-08-24","1","4","C","110.00","{}","1","Dmart","1920","2"),
("110","2019-08-25","1","13","C","1100.00","{}","1","Kolhapur ","1920","2"),
("111","2019-08-26","12","1","D","220.00","{}","1","Break Liner","1920","2"),
("112","2019-08-26","1","2","C","170.00","{}","1","Dinner","1920","2"),
("113","2019-08-29","1","13","C","1000.00","{}","1","Surukaka Bill from 17-18 season by 125rs","1920","2"),
("115","2019-09-03","1","7","D","150.00","{}","1","Finally returned by rushabh kanangale","1920","2"),
("116","2019-09-05","6","7","C","10000.00","{}","1","Surukaka(10 days)","1920","2"),
("117","2019-09-06","1","2","C","500.00","{}","1","Hospital, Fever ","1920","2"),
("31","2019-09-10","1","10","C","1000.00","{}","1","Motor patti","1920","1"),
("118","2019-09-10","1","5","C","1000.00","{}","1","Maddi motor patti","1920","2"),
("119","2019-09-13","1","12","C","500.00","{}","1","Petrol ","1920","2"),
("120","2019-09-17","1","3","D","10000.00","{}","1","","1920","2"),
("121","2019-09-19","1","4","C","3000.00","{}","1","","1920","2"),
("122","2019-09-21","12","1","D","500.00","{}","1","Petrol ","1920","2"),
("123","2019-09-22","12","1","D","40.00","{}","1","Buzzer ","1920","2"),
("124","2019-09-25","1","4","C","250.00","{}","1","D-mart","1920","2"),
("125","2019-09-26","1","13","C","3000.00","{}","1","","1920","2"),
("126","2019-09-26","1","2","C","50.00","{}","1","Kogle","1920","2"),
("127","2019-09-29","12","1","D","500.00","{}","1","Petrol","1920","2"),
("128","2019-09-29","1","13","C","250.00","{}","1","Sangodi,kolhapur ","1920","2"),
("129","2019-09-29","2","6","D","4860.00","{}","1","Watch","1920","2"),
("130","2019-09-29","1","2","C","160.00","{}","1","Dinner ","1920","2"),
("131","2019-10-02","1","2","C","550.00","{}","1","Film And dinner, remaining 300 paid to dada through online transfer ","1920","2"),
("132","2019-10-02","6","2","C","300.00","{}","1","Film","1920","2"),
("133","2019-10-04","1","12","C","500.00","{}","1","Petrol ","1920","2"),
("134","2019-10-04","1","2","C","100.00","{}","1","Expenses ","1920","2"),
("135","2019-10-10","7","4","C","10000.00","{}","1","Returned by surukaka","1920","2"),
("136","2019-10-11","6","7","C","2500.00","{}","1","Dada patil ","1920","2"),
("137","2019-10-11","12","1","D","50.00","{}","1","Punctured ","1920","2"),
("139","2019-10-14","1","4","C","100.00","{}","1","Added to bike Servicing ","1920","2"),
("138","2019-10-14","12","1","D","500.00","{}","1","Petrol ","1920","2"),
("140","2019-10-14","12","4","D","400.00","{}","1","Servicing , oil change approx 72350","1920","2"),
("141","2019-10-14","1","2","C","100.00","{}","1","Gibi in home","1920","2"),
("142","2019-10-15","1","2","C","110.00","{}","1","Cutting, udupi","1920","2"),
("143","2019-10-16","7","6","C","2500.00","{}","1","Returned by dada patil ","1920","2"),
("144","2019-10-17","1","3","D","10000.00","{}","1","","1920","2"),
("145","2019-10-18","4","1","D","3000.00","{}","1","","1920","2"),
("146","2019-10-22","12","1","D","500.00","{}","1","Petrol ","1920","2"),
("147","2019-10-23","1","2","C","1100.00","{}","1","Bank Account, Papu kaka","1920","2"),
("148","2019-10-25","1","2","C","200.00","{}","1","Bustand, Rodd Manoj ","1920","2"),
("149","2019-10-25","3","1","C","10000.00","{}","1","Bonus ","1920","2"),
("150","2019-10-29","1","13","C","2500.00","{}","1","Diwali","1920","2"),
("151","2019-10-29","1","4","C","400.00","{}","1","Paint","1920","2"),
("152","2019-10-29","1","5","C","1200.00","{}","1","Raju Vader, Maddi neer","1920","2"),
("32","2019-10-29","8","11","D","1200.00","{}","1","Paid","1920","1"),
("153","2019-10-31","1","17","C","500.00","{}","1","Car rent ","1920","2"),
("154","2019-11-04","12","1","D","500.00","{}","1","Petrol ","1920","2"),
("155","2019-11-04","1","2","C","360.00","{}","1","Dmart ","1920","2"),
("156","2019-11-04","6","17","C","4000.00","{}","1","Advance To Vehicles","1920","2"),
("157","2019-11-05","1","17","C","1500.00","{}","1","Shreyansh, Photographer Advance ","1920","2"),
("158","2019-11-07","6","2","C","7395.00","{}","1","Sis engagement shopping ","1920","2"),
("159","2019-11-09","1","17","C","500.00","{}","1","Bhel","1920","2"),
("160","2019-11-10","1","17","C","700.00","{}","1","Trip, coming back from engagement ","1920","2"),
("161","2019-11-11","1","13","C","1700.00","{}","1","Malagao ","1920","2"),
("162","2019-11-11","6","1","C","13000.00","{}","1","Withdraw for engagement ","1920","2"),
("163","2019-11-11","1","17","C","10100.00","{}","1","Vehicle rent, Final settlement ","1920","2"),
("164","2019-11-11","1","17","C","3000.00","{}","1","Photo part payment ","1920","2"),
("165","2019-11-06","1","7","C","144.00","{}","1","Amar medicines ","1920","2"),
("166","2019-11-13","12","1","D","500.00","{}","1","Petrol ","1920","2"),
("167","2019-11-14","1","3","D","10000.00","{}","1","","1920","2"),
("168","2019-11-17","1","17","C","1700.00","{}","1","Arvi tagyu gadi badigi 500, 1200 Final settlement...","1920","2"),
("169","2019-11-17","1","2","C","200.00","{}","1","Dinner","1920","2"),
("170","2019-11-18","1","17","C","1000.00","{}","1","Bhend Advance ","1920","2"),
("171","2019-11-19","1","7","C","1000.00","{}","1","Papu tatya","1920","2");
INSERT INTO transactions VALUES
("172","2019-11-20","12","1","D","500.00","{}","1","Petrol ","1920","2"),
("173","2019-11-21","1","2","C","200.00","{}","1","Dinner ","1920","2"),
("174","2019-11-21","1","7","D","1000.00","{}","1","Returned by papu Kaka ","1920","2"),
("1","2019-11-18","4","1","C","1000.00","{}","1","Advance. Total Agreement 21000","1920","7"),
("2","2019-11-22","2","4","D","1000.00","{}","1","Advance. Total Agreement payment 28000\nIncludes.. (Bhandi,Bhandi Cleaning,Cooking, undi, Chevda,Serving)","1920","7"),
("175","2019-11-23","6","17","C","20000.00","{}","1","Advance to Renuka photography ","1920","2"),
("3","2019-11-23","3","4","D","20000.00","{}","1","Advance, Rest will be paid while recieving the album ","1920","7"),
("4","2019-11-28","7","4","D","4560.00","{}","1","Advance ","1920","7"),
("176","2019-11-28","12","1","D","500.00","{}","1","Petrol ","1920","2"),
("177","2019-11-28","6","17","C","4560.00","{}","1","Invitation advance ","1920","2"),
("178","2019-11-22","1","17","C","1000.00","{}","1","Advance to achari ","1920","2"),
("179","2019-11-29","2","1","D","100.00","{}","1","Football ","1920","2"),
("5","2019-11-28","6","4","D","1000.00","{}","1","Advance for agreed payment of 6500","1920","7"),
("180","2019-11-30","1","2","C","200.00","{}","1","Dinner ","1920","2"),
("181","2019-12-01","1","12","C","600.00","{}","1","Disk breaks ","1920","2"),
("182","2019-12-01","12","1","D","260.00","{}","1","Got fucked while changing front tyre ","1920","2"),
("183","2019-12-03","1","17","C","5300.00","{}","1","Sangli expenses for invitation ","1920","2"),
("6","2019-12-03","4","7","D","4360.00","{}","1","Returned By Printo ","1920","7"),
("7","2019-12-03","4","7","C","5000.00","{}","1","Crad..13 per card..200 discount ","1920","7"),
("8","2019-12-03","4","8","C","4500.00","{}","1","150 quantity... 30 per","1920","7"),
("9","2019-12-03","4","9","C","800.00","{}","1","Sangli...invitation and petha","1920","7"),
("184","2019-12-03","17","6","D","5000.00","{}","1","Petha","1920","2"),
("10","2019-12-05","4","8","C","500.00","{}","1","Advance to petha ","1920","7"),
("185","2019-12-05","1","17","C","550.00","{}","1","Petha ","1920","2"),
("186","2019-12-06","1","3","D","10000.00","{}","1","","1920","2"),
("11","2019-12-06","4","7","C","2900.00","{}","1","Invitation payment settled ","1920","7"),
("12","2019-12-06","4","12","C","1500.00","{}","1","Kadalebele ","1920","7"),
("13","2019-12-06","4","9","C","900.00","{}","1","Invitation delivery ","1920","7"),
("187","2019-12-06","1","17","C","5300.00","{}","1","Invitation delivery ","1920","2"),
("188","2019-12-06","1","12","C","500.00","{}","1","Petrol ","1920","2"),
("189","2019-12-09","7","1","D","500.00","{}","1","Papukaka","1920","2"),
("190","2019-12-09","1","2","C","150.00","{}","1","Dinner ","1920","2"),
("191","2019-12-11","1","17","C","1900.00","{}","1","Petrol for cars ..2450...600 returned as ayar ","1920","2"),
("14","2019-12-11","4","9","C","2450.00","{}","1","Petrol...invitation card ","1920","7"),
("15","2019-12-13","4","9","C","400.00","{}","1","Cleaning ","1920","7"),
("192","2019-12-13","1","17","C","400.00","{}","1","Cleaning ","1920","2"),
("193","2019-12-13","1","17","C","1100.00","{}","1","Biscuits ","1920","2"),
("16","2019-12-14","4","9","C","1100.00","{}","1","Biscuits ","1920","7"),
("17","2019-12-15","13","4","D","4000.00","{}","1","Advance with delivery ","1920","7"),
("18","2019-12-15","12","4","D","23000.00","{}","1","Nearly full groceries..still some items remaining ","1920","7"),
("19","2019-12-15","4","9","C","350.00","{}","1","Ichalkaranji grocery purchase ","1920","7"),
("194","2019-12-15","6","17","C","12000.00","{}","1","Grocery ","1920","2"),
("195","2019-12-15","12","1","D","600.00","{}","1","Petrol ","1920","2"),
("196","2019-12-15","1","17","C","6450.00","{}","1","Grocery and other ","1920","2"),
("20","2019-12-16","4","12","C","1100.00","{}","1","Waiter cap, Hand gloves and spoon ","1920","7"),
("21","2019-12-16","4","15","C","500.00","{}","1","1800 is final settlement..500 advance given by Padmakar Patil ","1920","7"),
("197","2019-12-18","1","17","C","5400.00","{}","1","Bhandi..sajji Rotti And other expense..Pintu grocery Vehicle charges ","1920","2"),
("198","2019-12-16","1","6","D","5000.00","{}","1","Withdrawn from ATM in ichalkaranji ","1920","2"),
("22","2019-12-18","4","9","C","1700.00","{}","1","Rotti transport","1920","7"),
("23","2019-12-18","4","12","C","3100.00","{}","1","Sajji Rotti ","1920","7"),
("24","2019-12-18","4","9","C","700.00","{}","1","Grocery Transport ","1920","7"),
("25","2019-12-18","4","12","C","3000.00","{}","1","Four cylinder ","1920","7"),
("36","2019-12-24","4","14","C","5000.00","{}","1","Given by padmakar kaka","1920","7"),
("33","2019-12-19","4","8","D","115.00","{}","1","","1920","1"),
("27","2019-12-22","2","4","D","27000.00","{}","1","Settled ","1920","7"),
("28","2019-12-22","1","4","D","20000.00","{}","1","Settled ","1920","7"),
("29","2019-12-22","10","4","D","3000.00","{}","1","Settled ","1920","7"),
("30","2019-12-22","13","4","D","14000.00","{}","1","Settled ","1920","7"),
("31","2019-12-22","15","4","D","1300.00","{}","1","Settled ","1920","7"),
("32","2019-12-22","8","4","D","1600.00","{}","1","Settled ","1920","7"),
("33","2019-12-22","6","4","D","5500.00","{}","1","","1920","7"),
("34","2019-12-22","16","4","D","260.00","{}","1","Watter boltes ","1920","7"),
("35","2019-12-23","4","20","C","8000.00","{}","1","Settled ","1920","7"),
("37","2019-12-24","4","16","C","400.00","{}","1","Barf","1920","7"),
("38","2019-12-21","4","16","C","4700.00","{}","1","Amol Patil ","1920","7"),
("39","2019-12-21","4","16","C","4650.00","{}","1","Dada patil ","1920","7"),
("40","2019-12-25","4","5","C","16000.00","{}","1","Final settlement ","1920","7"),
("41","2019-12-25","4","22","C","3460.00","{}","1","Settled ","1920","7"),
("42","2019-12-25","4","9","C","1500.00","{}","1","Tavera ","1920","7"),
("43","2019-12-20","12","4","D","8500.00","{}","1","Bhaji Pala","1920","7"),
("44","2019-12-28","4","12","C","550.00","{}","1","Coconut ","1920","7"),
("45","2019-12-28","4","9","C","600.00","{}","1","Pintu...on wedding day ","1920","7"),
("46","2019-12-27","4","11","C","500.00","{}","1","Given to Raju wali...sambhaji will collect ","1920","7"),
("199","2019-12-31","6","7","C","5000.00","{}","1","Given to Dada Patil ","1920","2"),
("200","2020-01-01","12","1","D","500.00","{}","1","Petrol ","1920","2"),
("34","2020-01-02","4","8","D","230.00","{}","1","Water from Anil Kaka..Torgal","1920","1"),
("201","2020-01-05","12","14","D","1050.00","{}","1","Battery ","1920","2"),
("202","2020-01-08","12","1","D","500.00","{}","1","Petrol ","1920","2"),
("203","2020-01-13","1","3","D","10000.00","{}","1","","1920","2"),
("204","2020-01-15","1","4","C","534.00","{}","1","D-Mart","1920","2"),
("205","2020-01-14","8","2","C","200.00","{}","1","Taken from gotu in dhaba","1920","2"),
("206","2020-01-16","12","1","D","500.00","{}","1","Petrol ","1920","2"),
("207","2020-01-17","4","1","D","1070.00","{}","1","Dinner ","1920","2"),
("208","2020-01-18","1","13","C","1500.00","{}","1","Vehicle rent.. Kolhapur ","1920","2"),
("209","2020-01-20","8","1","D","200.00","{}","1","280 dinner...","1920","2"),
("210","2020-01-24","1","4","C","450.00","{}","1","Bulb","1920","2"),
("211","2020-01-25","1","2","C","150.00","{}","1","Kesha kanti oil","1920","2"),
("212","2020-01-23","1","2","C","100.00","{}","1","Cutting..80...20 nitin has to return ","1920","2"),
("213","2020-01-25","1","12","C","500.00","{}","1","Petrol ","1920","2"),
("35","2020-01-31","8","4","C","115.00","{}","1","Anil Kaka Water ","1920","1"),
("214","2020-02-01","1","5","C","1800.00","{}","1","Inamti khabba kalsod","1920","2"),
("36","2020-02-01","1","5","C","3300.00","{}","1","Khabba kalsod","1920","1"),
("215","2020-02-02","12","1","D","500.00","{}","1","Petrol ","1920","2"),
("216","2020-02-02","2","1","D","516.00","{}","1","Dinner ","1920","2"),
("217","2020-02-02","1","5","C","300.00","{}","1","Maddi Patti ","1920","2"),
("37","2020-02-02","10","1","D","300.00","{}","1","Patti","1920","1"),
("218","2020-02-07","1","4","C","600.00","{}","1","Car petrol kolhapur ","1920","2"),
("219","2020-02-06","1","7","C","125.00","{}","1","Shrishail ","1920","2"),
("220","2020-02-07","1","2","C","130.00","{}","1","Dinner ","1920","2"),
("221","2020-02-09","7","1","C","2000.00","{}","1","Returned by dada patil ","1920","2");
INSERT INTO transactions VALUES
("222","2020-02-10","1","4","C","210.00","{}","1","Dmart ","1920","2"),
("223","2020-02-11","1","12","C","500.00","{}","1","Petrol ","1920","2"),
("224","2020-02-13","1","3","D","11000.00","{}","1","","1920","2"),
("225","2020-02-13","1","2","C","270.00","{}","1","Ice cream ","1920","2"),
("226","2020-02-15","1","13","C","1050.00","{}","1","","1920","2"),
("227","2020-02-17","1","5","C","1300.00","{}","1","Maddi khabba kalsod ","1920","2"),
("38","2020-02-17","1","4","C","1300.00","{}","1","Khabba kalsod ","1920","1"),
("235","2020-02-17","1","7","C","500.00","{}","1","Jayashree kaku","1920","2"),
("229","2020-02-19","1","12","C","500.00","{}","1","Petrol ","1920","2"),
("230","2020-02-20","1","13","C","330.00","{}","1","","1920","2"),
("39","2020-02-17","4","8","D","200.00","{}","1","Madd arsod ","1920","1"),
("40","2020-02-21","11","8","C","955.00","{}","1","Bill clear ","1920","1"),
("231","2020-02-21","1","5","C","1000.00","{}","1","Raju kaka bill clear ","1920","2"),
("232","2020-02-22","1","4","C","300.00","{}","1","Khava ","1920","2"),
("233","2020-02-23","12","1","D","460.00","{}","1","Front suspension oil seal ","1920","2"),
("234","2020-02-26","1","2","C","310.00","{}","1","Jatri","1920","2"),
("236","2020-02-27","1","7","D","500.00","{}","1","Returned by Jayashree Kaku","1920","2"),
("237","2020-02-28","12","1","D","200.00","{}","1","Petrol ","1920","2"),
("238","2020-02-29","1","5","C","1000.00","{}","1","Inamti pipeline ","1920","2"),
("239","2020-02-29","1","2","C","120.00","{}","1","Lunch ","1920","2"),
("240","2020-03-01","1","5","C","60.00","{}","1","Bhajji ","1920","2"),
("241","2020-03-02","1","7","D","3000.00","{}","1","Returned by dada ","1920","2"),
("242","2020-03-03","1","8","D","1500.00","{}","1","Taken from kiran for bike repair","1920","2"),
("243","2020-03-03","1","12","C","10500.00","{}","1","Engine work","1920","2"),
("244","2020-03-03","12","6","D","500.00","{}","1","Petrol ","1920","2"),
("245","2020-03-03","1","17","C","100.00","{}","1","Bus change ","1920","2"),
("246","2020-03-04","14","8","C","1500.00","{}","1","Returned to kiran ","1920","2"),
("247","2020-03-04","1","7","C","200.00","{}","1","Given to papu kaka","1920","2"),
("248","2020-03-09","3","1","C","11000.00","{}","1","","1920","2"),
("249","2020-03-10","1","7","D","200.00","{}","1","Returned By Papu Kaka ","1920","2"),
("250","2020-03-11","12","1","D","500.00","{}","1","Petrol ","1920","2"),
("251","2020-03-11","1","2","C","100.00","{}","1","Lassi","1920","2"),
("252","2020-03-13","1","2","C","100.00","{}","1","Rang Panchami","1920","2"),
("253","2020-03-15","1","2","C","1300.00","{}","1","Bday party,  Another 220 from Kbg","1920","2"),
("254","2020-03-18","1","12","C","500.00","{}","1","Petrol ","1920","2"),
("255","2020-03-18","1","5","C","150.00","{}","1","Maddi Roundi sudod","1920","2"),
("256","2020-03-15","1","5","C","150.00","{}","1","Javed Inamti motor.. 450 .. 300 taken from mom","1920","2"),
("257","2020-03-19","1","13","C","1100.00","{}","1","","1920","2"),
("258","2020-03-24","1","5","C","900.00","{}","1","Padmakar patil T.. 2500 Total .. 1580 Babubali kaka","1920","2"),
("259","2020-03-24","1","5","C","470.00","{}","1","Inamti leakage ","1920","2"),
("260","2020-03-24","1","4","C","200.00","{}","1","Corona precautions","1920","2"),
("261","2020-03-24","12","1","D","350.00","{}","1","Petrol ","1920","2"),
("41","2020-03-16","5","6","D","7400.00","{}","1","Suru kaka share + 2300","1920","1"),
("42","2020-03-16","6","11","D","5100.00","{}","1","Final settlement ","1920","1"),
("1","2020-03-25","9","1","D","1500.00","{}","1","Motor patti, with Hanchanale Taru Badagi","2021","1"),
("2","2020-03-25","9","1","D","120.00","{}","1","Air valve lekage in badigyan patti.. 60 to per head..\n60 less by Prakash Patil\n","2021","1"),
("3","2020-03-25","1","5","C","1200.00","{}","1","Saal sudharna.. Akhana","2021","1"),
("4","2020-03-26","1","5","C","2050.00","{}","1","Lavani aal Pagar ","2021","1"),
("262","2020-03-26","1","4","D","2000.00","{}","1","Taken from inamti bill","1920","2"),
("263","2020-03-26","1","5","C","2850.00","{}","1","Inamti akhana, Lavani aal","1920","2"),
("5","2020-03-31","1","5","C","6410.00","[\"152021.jpg\"]","1","Sanket Mane Aushadh.. one power and 2 bloom cancelled ","2021","1"),
("264","2020-04-01","1","4","C","200.00","{}","1","Taken by mom","1920","2"),
("265","2020-04-01","1","13","C","324.00","{}","1","Financial year difference ","1920","2"),
("6","2020-04-05","1","9","C","150.00","{}","1","Javed 150... 300 to full payment ","2021","1"),
("1","2020-04-05","1","5","C","360.00","{}","1","Javed (150), New bend 210","2021","2"),
("2","2020-04-10","1","12","C","250.00","{}","1","Petrol ","2021","2"),
("3","2020-04-10","1","2","C","150.00","{}","1","Ice cream ","2021","2"),
("7","2020-04-11","5","1","D","5000.00","[\"172021.jpg\"]","1","Gale","2021","1"),
("8","2020-04-11","4","1","D","680.00","[\"182021.jpg\"]","1","Lagudi","2021","1"),
("4","2020-04-12","1","4","D","2000.00","{}","1","","2021","2"),
("5","2020-04-12","1","5","C","1680.00","{}","1","680 maddi lagudi.. 1000 inamti gale.. 4000 taken from mom","2021","2"),
("6","2020-04-13","1","13","D","10000.00","{}","1","Maddi bill","2021","2"),
("9","2020-04-14","1","12","C","1000.00","{}","1","Kasin aal pagar ","2021","1"),
("7","2020-04-14","1","5","C","1000.00","{}","1","Inamti kasa aal pagar ","2021","2"),
("8","2020-04-17","1","5","C","990.00","{}","1","Maddi kasain aushadh","2021","2"),
("10","2020-04-17","4","1","D","990.00","[\"1102021.jpg\"]","1","Kashin Aushadh","2021","1"),
("11","2020-04-18","5","1","D","1480.00","[\"1112021.jpg\"]","1","Lagudi","2021","1"),
("9","2020-04-18","1","5","C","1480.00","{}","1","Inamti Lagudi ","2021","2"),
("12","2020-04-22","1","5","C","820.00","[\"1122021.jpg\"]","1","Lagudi and spray ","2021","1"),
("10","2020-04-22","1","5","C","820.00","{}","1","Kamala spray and SSP lagudi in Inamti","2021","2"),
("11","2020-04-22","12","1","D","250.00","{}","1","Petrol ","2021","2"),
("13","2020-05-01","1","5","C","500.00","{}","1","Corozin 30ml","2021","1"),
("12","2020-05-01","1","5","C","500.00","{}","1","Inamti corozin ","2021","2"),
("13","2020-05-01","6","12","C","300.00","{}","1","Petrol ","2021","2"),
("14","2020-05-05","1","4","C","3430.00","[\"1142021.jpg\"]","1","Hargu Lagudi, 500 yathol","2021","1"),
("47","2020-03-31","4","3","C","21000.00","{}","1","Final settlement with extra 1000 for frame ","1920","7"),
("14","2020-05-08","1","5","C","3430.00","{}","1","Maddi hargod. ","2021","2"),
("15","2020-05-11","1","12","C","1000.00","{}","1","Kasin all pagar ","2021","1"),
("15","2020-05-11","1","5","C","1000.00","{}","1","Inamti kasin all pagar","2021","2"),
("16","2020-05-17","12","1","D","300.00","{}","1","Petrol ","2021","2"),
("17","2020-05-18","1","4","C","100.00","{}","1","Digital Life Certificate ","2021","2"),
("18","2020-05-18","1","2","C","100.00","{}","1","Sanvi Bday ","2021","2"),
("19","2020-05-20","1","2","C","50.00","{}","1","Recharge ","2021","2"),
("20","2020-05-26","1","2","C","450.00","{}","1","Cutting and fruity and recharge 800... 300 cash 500 kvg","2021","2"),
("21","2020-05-26","1","5","C","280.00","{}","1","Inamti pipeline","2021","2"),
("16","2020-05-27","5","1","D","680.00","[\"1162021.jpg\"]","1","Urea And Magnatium sulphate","2021","1"),
("22","2020-05-28","1","5","C","680.00","{}","1","Lagudi inamti","2021","2"),
("23","2020-05-30","1","12","C","550.00","{}","1","200 petrol, 350 Seat cover","2021","2"),
("17","2020-05-30","1","12","C","500.00","{}","1","Kasin all pagar","2021","1"),
("24","2020-05-29","1","4","C","700.00","{}","1","Cylinder","2021","2"),
("25","2020-05-29","1","2","D","7500.00","{}","1","Sold Mobile","2021","2"),
("26","2020-06-02","1","15","D","20000.00","{}","1","Maddi bill","2021","2"),
("27","2020-06-02","1","4","C","4600.00","{}","1","Home door patch up","2021","2"),
("28","2020-06-02","1","5","C","1810.00","{}","1","Zipsam inamti and other lagudi","2021","2"),
("29","2020-06-03","1","2","C","410.00","{}","1","Clothes.. chandra prabhu","2021","2"),
("30","2020-06-03","1","5","C","200.00","{}","1","Maddi motor Patti","2021","2"),
("18","2020-06-03","1","10","C","200.00","{}","1","Patti","2021","1"),
("31","2020-05-31","1","5","C","500.00","{}","1","Inamti kasin all pagar","2021","2"),
("19","2020-06-04","1","5","C","1810.00","[\"1192021.jpg\"]","1","Lagudi... Zipsam 2 Bags 240 Rs.","2021","1"),
("32","2020-06-05","12","1","D","240.00","{}","1","Petrol","2021","2");
INSERT INTO transactions VALUES
("33","2020-06-06","1","2","C","200.00","{}","1","Khate utari and other expenses","2021","2"),
("34","2020-06-09","1","7","C","3000.00","{}","1","Sammed patil","2021","2"),
("35","2020-06-10","12","1","D","500.00","{}","1","Petrol","2021","2"),
("36","2020-06-14","1","13","C","750.00","{}","1","nipani covid19\n","2021","2"),
("37","2020-06-17","1","13","C","1300.00","{}","1","","2021","2"),
("38","2020-04-17","14","3","D","11000.00","{}","1","","2021","2"),
("39","2020-06-17","1","3","D","8000.00","{}","1","30% deduction and not paid in april","2021","2"),
("40","2020-06-18","1","12","C","500.00","{}","1","Petrol","2021","2"),
("41","2020-06-20","1","2","C","250.00","{}","1","Dmart.. socks","2021","2"),
("42","2020-06-21","1","2","C","714.00","[\"2422021.jpg\"]","1","Dinner","2021","2"),
("266","2020-04-01","1","5","D","1000.00","{}","1","Returned by vinod instead of 1070 for leakage ","1920","2"),
("20","2020-03-29","1","9","C","220.00","{}","1","Flanges","2021","1"),
("43","2020-06-26","12","1","D","500.00","{}","1","Petrol","2021","2"),
("44","2020-06-26","1","2","C","1800.00","{}","1","PKPS Loan","2021","2"),
("21","2020-06-28","1","5","C","8000.00","[\"1212021.jpg\"]","1","5900 lagudi.. 200 del... 1900 Machine (100 extra given on own term)","2021","1"),
("45","2020-06-29","1","5","C","8000.00","{}","1","Inamti Hargod","2021","2"),
("46","2020-07-03","12","6","D","500.00","{}","1","Petrol","2021","2"),
("47","2020-06-28","1","2","C","300.00","{}","1","Gobi Manchurian","2021","2"),
("48","2020-07-04","1","2","C","60.00","{}","1","Lunch office","2021","2"),
("49","2020-07-04","12","1","D","100.00","{}","1","Accelerator Cable","2021","2"),
("50","2020-07-02","14","7","D","3000.00","{}","1","Returned by sammed\n","2021","2"),
("51","2020-07-07","1","14","C","5600.00","{}","1","Transferred via Rahul Tavanakke","2021","2"),
("52","2020-07-08","2","1","D","567.00","[\"2522021.jpg\"]","1","Dinner","2021","2"),
("53","2020-07-09","14","7","C","6000.00","{}","1","Shrishai kamate, Expected Return 28th July.","2021","2"),
("22","2020-07-10","5","1","D","3870.00","[\"1222021.jpg\"]","1","Hargu aushadh","2021","1"),
("23","2020-07-11","1","5","C","1730.00","[\"1232021.jpg\"]","1","Kasin aushadh","2021","1"),
("54","2020-07-11","1","5","C","1730.00","{}","1","Kasin aushadh, inamti","2021","2"),
("55","2020-07-12","1","2","C","100.00","{}","1","New shorts","2021","2"),
("56","2020-07-12","1","13","C","100.00","{}","1","","2021","2"),
("57","2020-07-15","12","1","D","500.00","{}","1","Petrol","2021","2"),
("58","2020-07-16","1","3","D","11000.00","{}","1","","2021","2"),
("59","2020-07-25","12","1","D","500.00","{}","1","Petrol","2021","2"),
("60","2020-07-27","1","7","C","300.00","{}","1","Papu kaka","2021","2"),
("61","2020-07-27","1","5","C","210.00","{}","1","Round up maddi","2021","2"),
("24","2020-07-27","4","1","D","210.00","[\"1242021.jpg\"]","1","Roundup","2021","1"),
("62","2020-07-29","1","2","C","100.00","{}","1","Office time lunch, other expenses","2021","2"),
("63","2020-07-30","1","12","C","40.00","{}","1","Puncture","2021","2"),
("67","2020-08-10","12","1","D","500.00","{}","1","Petrol","2021","2"),
("68","2020-08-18","1","14","C","7000.00","{}","1","Transfered cash","2021","2"),
("69","2020-08-18","1","2","C","992.00","[\"2692021.jpg\"]","1","Dmart","2021","2"),
("70","2020-08-19","12","1","D","500.00","{}","1","Petrol","2021","2"),
("71","2020-08-20","1","3","D","11000.00","{}","1","","2021","2"),
("72","2020-08-20","1","13","C","570.00","{}","1","","2021","2"),
("73","2020-07-28","7","14","C","6000.00","{}","1","Returned by shrishail","2021","2"),
("74","2020-08-22","12","1","D","80.00","{}","1","Puncture","2021","2"),
("75","2020-08-23","1","13","C","500.00","{}","1","","2021","2"),
("76","2020-08-23","1","2","C","210.00","{}","1","Dinner","2021","2"),
("77","2020-08-25","12","1","D","2000.00","[\"2772021.jpg\"]","1","Front tyre at 82000. Back inner","2021","2"),
("78","2020-08-27","1","12","C","500.00","{}","1","Petrol","2021","2"),
("79","2020-08-28","1","4","C","3000.00","{}","1","Expense","2021","2"),
("80","2020-08-29","12","1","D","120.00","{}","1","Clutch cable","2021","2"),
("81","2020-09-02","1","2","C","177.00","[\"2812021.jpg\"]","1","Dmart","2021","2"),
("82","2020-09-03","1","5","C","770.00","{}","1","Kasin aushadh inamti","2021","2"),
("25","2020-09-03","5","1","D","770.00","[\"1252021.jpg\"]","1","Kasin aushadh","2021","1"),
("26","2020-09-05","1","12","C","500.00","{}","1","Kasin aushadh pagar.","2021","1"),
("83","2020-09-05","1","12","C","1000.00","{}","1","500 petrol, 500 forgot to enter in last month","2021","2"),
("84","2020-09-05","1","2","C","360.00","{}","1","Dinner","2021","2"),
("85","2020-09-05","1","5","C","500.00","{}","1","Inamti kasin aushadh hodyod","2021","2"),
("86","2020-09-11","12","1","D","500.00","{}","1","Petrol","2021","2"),
("87","2020-09-15","1","14","C","1000.00","{}","1","Transfer","2021","2"),
("88","2020-09-18","12","1","D","500.00","{}","1","Petrol","2021","2"),
("89","2020-09-21","1","3","D","11000.00","{}","1","","2021","2"),
("90","2020-09-26","1","2","C","700.00","{}","1","UPS battery","2021","2"),
("91","2020-09-26","1","7","C","5000.00","{}","1","Shrishail Kamate","2021","2"),
("92","2020-05-29","2","6","D","7500.00","{}","1","Transferred mobile sale amount","2021","2"),
("93","2020-09-30","12","1","D","400.00","{}","1","Petrol","2021","2"),
("94","2020-10-02","1","5","C","1500.00","{}","1","6700 paid for Khadka of 10-01-2018, 1500 from cash, 5000 from pashim bhag society.","2021","2"),
("95","2020-10-03","8","1","C","5000.00","{}","1","Taken from dada, given to jayashree kaku.","2021","2"),
("96","2020-10-03","7","1","D","6000.00","{}","1","Given to jayashree kaku","2021","2"),
("97","2020-10-04","1","2","C","1600.00","{}","1","Car rent","2021","2"),
("98","2020-10-05","1","7","D","6000.00","{}","1","Returned by jayashree kaku","2021","2"),
("99","2020-10-05","8","1","D","5000.00","{}","1","Returned","2021","2"),
("100","2020-10-05","14","1","C","2500.00","{}","1","Cashed","2021","2"),
("101","2020-10-06","1","5","C","2430.00","{}","1","Inamti Lagudi","2021","2"),
("27","2020-10-06","5","1","D","2430.00","[\"1272021.jpg\"]","1","Lagudi","2021","1"),
("102","2020-10-08","12","1","D","300.00","{}","1","Petrol","2021","2"),
("103","2020-10-17","1","4","C","350.00","{}","1","Sugar from bedkihal factory","2021","2"),
("104","2020-10-20","1","4","C","900.00","{}","1","New meter","2021","2"),
("105","2020-10-22","14","7","D","5000.00","{}","1","Returned by shrishail","2021","2"),
("106","2020-10-25","12","14","D","300.00","{}","1","Petrol","2021","2"),
("107","2020-10-27","1","3","D","11000.00","{}","1","","2021","2"),
("108","2020-10-30","12","1","D","500.00","{}","1","Petrol","2021","2"),
("109","2020-11-06","12","1","D","500.00","{}","1","Petrol","2021","2"),
("110","2020-11-09","1","7","C","2000.00","{}","1","Give to papu kaka, expected return in 8 days.","2021","2"),
("111","2020-11-09","1","3","D","22000.00","{}","1","","2021","2"),
("112","2020-11-11","1","4","C","300.00","{}","1","Khave","2021","2"),
("113","2020-11-11","1","14","C","18000.00","{}","1","Transfer","2021","2"),
("114","2020-11-13","1","4","C","250.00","{}","1","Diwali kartik, and other","2021","2"),
("115","2020-11-15","12","1","D","300.00","{}","1","Petrol","2021","2"),
("116","2020-11-16","1","13","C","3500.00","{}","1","Diwali belgod","2021","2"),
("117","2020-11-19","12","14","D","300.00","{}","1","Petrol","2021","2"),
("118","2020-11-22","1","12","C","540.00","[\"21182021.jpg\"]","1","Disk oil, bike oil (5000km)","2021","2"),
("119","2020-11-21","1","7","C","500.00","{}","1","Amar lattmrd","2021","2"),
("120","2020-11-24","12","1","D","500.00","{}","1","Petrol","2021","2"),
("121","2020-11-24","1","2","C","450.00","{}","1","Dinner","2021","2"),
("122","2020-11-25","1","2","C","240.00","{}","1","Dmart","2021","2"),
("123","2020-12-02","12","1","D","500.00","{}","1","Petrol","2021","2"),
("124","2020-12-05","1","2","C","500.00","{}","1","Bhel, ice cream","2021","2"),
("125","2020-12-10","12","1","D","500.00","{}","1","Petrol","2021","2"),
("126","2020-12-10","1","13","C","1530.00","{}","1","","2021","2");
INSERT INTO transactions VALUES
("127","2020-12-10","7","14","D","3000.00","{}","1","Gotu Mane","2021","2"),
("128","2020-12-11","1","2","C","130.00","{}","1","Bhel","2021","2"),
("129","2020-12-15","12","1","D","500.00","{}","1","Petrol","2021","2"),
("130","2020-12-18","1","3","D","11000.00","{}","1","","2021","2"),
("131","2020-12-18","13","1","D","400.00","{}","1","Bday gift, Rushabh","2021","2"),
("132","2020-12-11","7","14","C","3000.00","{}","1","Returned by gotu Mane","2021","2"),
("133","2020-12-23","12","1","D","500.00","{}","1","Petrol","2021","2"),
("134","2020-12-22","1","5","C","120.00","{}","1","Inamti khabba","2021","2"),
("135","2020-12-24","1","2","C","100.00","{}","1","Cutting","2021","2"),
("136","2020-12-24","1","13","C","3200.00","{}","1","Today and previous","2021","2"),
("137","2020-12-30","12","1","D","500.00","{}","1","Petrol","2021","2"),
("138","2021-01-01","1","5","C","500.00","{}","1","Inamti motor Patti","2021","2"),
("139","2021-01-03","1","2","C","600.00","{}","1","Dinner","2021","2"),
("140","2021-01-05","12","14","D","500.00","{}","1","Petrol","2021","2"),
("141","2021-01-07","1","13","C","200.00","{}","1","Sugar free","2021","2"),
("142","2021-01-11","1","2","C","200.00","{}","1","Hospital","2021","2"),
("143","2021-01-12","12","1","D","500.00","{}","1","Petrol","2021","2"),
("144","2021-01-17","1","3","D","13000.00","{}","1","","2021","2"),
("145","2021-01-19","1","13","C","500.00","{}","1","Jain stambh patti","2021","2"),
("146","2021-01-20","12","1","D","500.00","{}","1","Petrol","2021","2"),
("147","2021-01-23","1","5","C","100.00","{}","1","Inamti roundi sudod","2021","2"),
("148","2021-01-27","1","13","C","1700.00","{}","1","Kupwad Badagi","2021","2"),
("149","2021-01-28","12","1","D","500.00","{}","1","Petrol","2021","2"),
("150","2021-01-31","1","2","C","75.00","{}","1","Shamnewadi","2021","2"),
("151","2021-02-04","1","12","C","500.00","{}","1","Petrol","2021","2"),
("152","2021-02-04","1","2","C","210.00","{}","1","Dinner","2021","2"),
("28","2021-02-26","7","5","D","92600.00","{}","1","Inamti bill","2021","1"),
("153","2021-02-08","1","5","C","300.00","{}","1","Inamti roundi sarsod","2021","2"),
("154","2021-02-10","12","1","D","500.00","{}","1","Petrol","2021","2"),
("155","2021-02-12","1","2","C","550.00","{}","1","Garments","2021","2"),
("156","2021-02-09","1","5","C","3000.00","{}","1","Inamti khadka","2021","2"),
("157","2021-02-12","1","4","C","1110.00","{}","1","Light bill","2021","2"),
("158","2021-02-15","1","2","C","100.00","{}","1","Cutting","2021","2"),
("159","2021-02-15","1","13","C","180.00","{}","1","Tablt","2021","2"),
("160","2021-02-15","3","1","C","13000.00","{}","1","","2021","2"),
("161","2021-02-16","1","12","C","500.00","{}","1","Petrol","2021","2"),
("162","2021-02-18","1","2","C","100.00","{}","1","Tablets","2021","2"),
("163","2021-02-19","1","5","C","450.00","{}","1","Inamti motor aal pagar, 100 babu, 350 other","2021","2"),
("164","2021-02-22","1","5","C","2150.00","{}","1","Maddi khabba kalsod, 1500 gabali, 300 entry,350 rikshaw","2021","2"),
("165","2021-02-22","1","12","C","200.00","{}","1","Disk pump","2021","2"),
("166","2021-02-22","12","1","D","500.00","{}","1","Petrol","2021","2"),
("167","2021-02-25","12","1","D","800.00","[\"21672021.jpg\"]","1","Back suspension, 100 Mechanic","2021","2"),
("168","2021-02-26","1","2","C","530.00","{}","1","Brkfast,lunch\n","2021","2"),
("169","2021-02-27","1","5","C","270.00","{}","1","Inamti urea","2021","2"),
("1","2021-02-27","1","5","C","270.00","[\"1121220.jpg\"]","1","Urea","2122","1"),
("170","2021-03-01","12","1","D","500.00","{}","1","Petrol","2021","2"),
("171","2021-03-07","12","1","D","500.00","{}","1","Petrol","2021","2"),
("172","2021-03-10","1","5","C","1000.00","{}","1","Inamti bal bharani","2021","2"),
("173","2021-03-12","1","5","C","12500.00","{}","1","Babu malage bill, Final","2021","2"),
("174","2021-03-12","1","3","D","13000.00","{}","1","","2021","2"),
("3","2021-02-27","12","1","D","300.00","{}","1","Roundi sarsod","2122","1"),
("31","2021-02-26","12","11","C","3000.00","{}","1","Advance settlement","2021","1"),
("30","2021-02-26","12","5","C","12500.00","{}","1","Bill clear, 3000 advance, 15500 bill Final amount 12500","2021","1"),
("175","2021-03-13","12","1","D","500.00","{}","1","Petrol","2021","2"),
("176","2021-03-16","1","2","C","1500.00","{}","1","Birthday expenses","2021","2"),
("177","2021-03-16","1","13","C","100.00","{}","1","","2021","2"),
("178","2021-03-19","1","2","C","560.00","{}","1","D-mart (610 paid, 50 back to account)","2021","2"),
("179","2021-03-20","12","1","D","500.00","{}","1","Petrol","2021","2"),
("180","2021-03-22","1","2","C","100.00","{}","1","Chocolate","2021","2"),
("181","2021-03-22","1","5","C","400.00","{}","1","Maddi roundi","2021","2"),
("182","2021-03-25","1","13","C","5000.00","{}","1","Hola kharidi","2021","2"),
("183","2021-03-19","8","13","C","8000.00","{}","1","Taken from mayur","2021","2"),
("4","2021-03-28","5","1","D","670.00","[\"142122.jpg\"]","1","Lagudi","2122","1"),
("184","2021-03-28","1","2","C","100.00","{}","1","Cutting","2021","2"),
("185","2021-03-31","4","8","C","8000.00","{}","1","Returned to Mayur","2021","2"),
("186","2021-03-31","1","13","C","1425.00","{}","1","Financial year end make up, Land purchased","2021","2"),
("1","2021-04-01","1","5","C","200.00","{}","1","Noteray","2122","2"),
("2","2021-04-01","12","14","D","500.00","{}","1","Petrol","2122","2"),
("3","2021-04-03","1","4","C","250.00","{}","1","D-Mart","2122","2"),
("1","2021-04-04","3","1","C","1500.00","{}","1","","2122","10"),
("4","2021-04-08","1","5","C","1620.00","{}","1","Lagudi","2122","2"),
("5","2021-04-08","1","5","C","1620.00","[\"152122.jpg\"]","1","Lagudi","2122","1"),
("5","2021-04-08","1","12","C","500.00","{}","1","Petrol","2122","2"),
("6","2021-04-14","3","1","C","13000.00","{}","1","","2122","2"),
("7","2021-04-15","12","1","D","500.00","{}","1","Petrol","2122","2"),
("8","2021-04-10","1","2","C","600.00","[\"282122.jpg\"]","1","Dinner","2122","2"),
("9","2021-04-18","1","5","D","17000.00","{}","1","Maddi bill","2122","2"),
("10","2021-04-19","1","5","C","8620.00","{}","1","Raju vader Bill Paid","2122","2"),
("11","2021-04-20","1","2","C","100.00","{}","1","Nasta","2122","2"),
("1","2021-04-20","1","2","C","50.00","{}","1","DXI","2021","6"),
("2","2021-04-21","1","2","C","10.00","{}","1","MPLXI","2021","6"),
("3","2021-04-17","1","2","C","169.00","{}","1","PAYTM","2021","6"),
("4","2021-04-18","1","2","C","55.00","{}","1","PHONELAY","2021","6"),
("5","2021-04-19","1","2","C","60.00","{}","1","Amazon","2021","6"),
("6","2021-04-20","2","1","C","210.00","{}","1","PAYTM_FIRST","2021","6"),
("6","2021-04-21","5","1","D","8720.00","[\"162122.jpg\"]","1","Hargod, Kasim aushadh,Power trailer 2000","2122","1"),
("7","2021-04-22","1","2","D","150.00","{}","1","DIX","2021","6"),
("8","2021-04-22","1","2","C","50.00","{}","1","DXI","2021","6"),
("12","2021-04-22","5","1","D","6720.00","{}","1","Inamti hargod","2122","2"),
("13","2021-04-20","1","13","C","700.00","{}","1","","2122","2"),
("9","2021-04-24","1","2","C","23.00","{}","1","","2021","6"),
("14","2021-04-25","12","1","D","350.00","{}","1","Petrol","2122","2"),
("15","2021-04-26","1","5","C","2000.00","{}","1","Inamti hargod","2122","2"),
("10","2021-04-27","1","2","C","30.00","{}","1","Paytm","2021","6"),
("11","2021-05-01","1","2","C","195.00","{}","1","DXI","2021","6"),
("12","2021-05-01","2","1","C","300.00","{}","1","DIX","2021","6"),
("13","2021-05-01","1","2","C","90.00","{}","1","PAYTM","2021","6"),
("14","2021-05-01","1","2","C","260.00","{}","1","DXI","2021","6"),
("15","2021-05-01","1","2","D","300.00","{}","1","DREMXI","2021","6"),
("7","2021-05-04","5","1","D","7025.00","[\"172122.jpg\"]","1","Aushad, drinching","2122","1");
INSERT INTO transactions VALUES
("8","2021-05-04","1","12","C","200.00","{}","1","Drinching","2122","1"),
("9","2021-05-06","1","12","C","500.00","{}","1","Haragu all pagar.","2122","1"),
("16","2021-05-06","1","13","C","3000.00","{}","1","Talate","2122","2"),
("17","2021-05-06","1","5","C","700.00","{}","1","200 spray pagar, 500 hargu all pagar","2122","2"),
("18","2021-04-24","1","5","C","3000.00","[\"2182122.jpg\"]","1","Pumpbill","2122","2"),
("10","2021-05-06","1","5","C","500.00","{}","1","Hathbhatti","2122","1"),
("19","2021-05-07","1","2","C","450.00","{}","1","CAP","2122","2"),
("20","2021-05-09","1","5","C","550.00","{}","1","Corazin, sticker","2122","2"),
("11","2021-05-10","5","1","D","550.00","{}","1","Corazin, Sticker","2122","1"),
("21","2021-05-10","12","1","D","300.00","{}","1","Petrol","2122","2"),
("16","2021-05-15","1","2","D","35.00","{}","1","MPL","2021","6"),
("22","2021-05-18","1","5","C","1270.00","{}","1","Inamti aushadh and lagudi","2122","2"),
("12","2021-05-18","1","5","C","450.00","[\"1122122.jpg\"]","1","Lagudi","2122","1"),
("13","2021-05-18","5","1","D","820.00","[\"1132122.jpg\"]","1","Kasin aushadh","2122","1"),
("23","2021-05-20","12","1","D","300.00","{}","1","Petrol","2122","2"),
("24","2021-05-25","1","5","C","1250.00","[\"2242122.jpg\"]","1","DAP","2122","2"),
("25","2021-05-27","12","1","D","700.00","{}","1","Servicing, both front footrest","2122","2"),
("14","2021-05-29","1","5","C","8210.00","[\"1142122.jpg\"]","1","Lagudi, DAP(1250), power trailer 1000","2122","1"),
("26","2021-05-29","14","7","C","2000.00","{}","1","Shrishail, must return on 05/06/2021","2122","2"),
("27","2021-05-29","1","5","C","1000.00","{}","1","Inamti hargod","2122","2"),
("28","2021-06-01","12","1","D","300.00","{}","1","Petrol","2122","2"),
("29","2021-06-02","1","2","C","100.00","{}","1","Cutting","2122","2"),
("30","2021-06-01","14","3","D","10000.00","{}","1","","2122","2"),
("31","2021-06-07","14","7","D","2000.00","{}","1","Returned by shrishail","2122","2"),
("32","2021-06-16","12","1","D","380.00","{}","1","Seat cover","2122","2"),
("33","2021-06-16","12","1","D","300.00","{}","1","Petrol","2122","2"),
("34","2021-06-20","7","14","D","5000.00","{}","1","Shrishail kamate, 15 days ","2122","2"),
("35","2021-06-23","3","14","C","16000.00","{}","1","Full with last month 3000","2122","2"),
("36","2021-06-26","12","1","D","350.00","{}","1","Petrol","2122","2"),
("15","2021-07-01","1","5","C","1980.00","[\"1152122.jpg\"]","1","Kasin aushadh","2122","1"),
("38","2021-07-05","12","1","D","350.00","{}","1","Petrol","2122","2"),
("39","2021-07-08","1","4","C","1000.00","{}","1","Nanadi sakkari","2122","2"),
("40","2021-07-08","1","2","C","350.00","{}","1","Dinner","2122","2"),
("41","2021-07-12","12","1","D","300.00","{}","1","Petrol","2122","2"),
("42","2021-07-12","12","1","D","80.00","{}","1","Puncture","2122","2"),
("43","2021-07-12","1","5","C","1700.00","{}","1","Gida, 1250 : plants , 150 compost, 300 Bidar butti,l","2122","2"),
("44","2021-07-12","1","5","C","120.00","{}","1","Motor kharch, needed to pay 700 but cut down previous charges. Rikshaw, roundup, last year footbal all pagar","2122","2"),
("46","2021-07-07","7","1","C","4500.00","{}","1","Returned by shrishail... 10 days delay... 500 pending","2122","2"),
("16","2021-07-17","5","1","D","6300.00","[\"1162122.jpg\"]","1","170 delivery, 6130 fertilizer","2122","1"),
("47","2021-07-17","1","5","C","4070.00","{}","1","Inamti lagudi... Total 6300, 170 delivery, 6130 fertilizer","2122","2"),
("48","2021-07-18","12","1","D","500.00","{}","1","Petrol","2122","2"),
("17","2021-07-20","1","12","C","1000.00","{}","1","Borrowed","2122","1"),
("50","2021-07-25","14","3","D","13000.00","{}","1","","2122","2"),
("51","2021-07-31","12","1","D","500.00","{}","1","Petrol","2122","2"),
("52","2021-08-06","12","1","D","500.00","{}","1","Petrol","2122","2"),
("53","2021-08-16","12","1","D","500.00","{}","1","Petrol","2122","2"),
("54","2021-08-21","12","1","D","230.00","{}","1","Servicing","2122","2"),
("55","2021-08-21","12","1","D","500.00","{}","1","Petrol","2122","2"),
("56","2021-08-12","14","3","D","13000.00","{}","1","","2122","2"),
("57","2021-08-22","1","13","C","1500.00","{}","1","Rakshabandhan","2122","2"),
("58","2021-06-18","1","14","D","12000.00","{}","1","Loan","2122","2"),
("59","2021-08-13","1","14","D","4000.00","{}","1","","2122","2"),
("60","2021-08-27","12","1","D","500.00","{}","1","Petrol","2122","2"),
("61","2021-08-28","1","2","C","1000.00","{}","1","Petrol, Athani","2122","2"),
("62","2021-08-24","1","2","C","1000.00","{}","1","Deisel, And car rent.. ","2122","2"),
("63","2021-09-02","12","1","D","500.00","{}","1","Petrol","2122","2"),
("64","2021-09-07","1","13","C","1200.00","{}","1","Panchayat, For Salim and Akbar","2122","2"),
("65","2021-09-09","12","1","D","500.00","{}","1","Petrol","2122","2"),
("66","2021-09-09","1","2","C","225.00","{}","1","Utari and expenses","2122","2"),
("67","2021-09-14","1","13","C","500.00","{}","1","Ganapati","2122","2"),
("68","2021-09-15","12","1","D","500.00","{}","1","Petrol","2122","2"),
("69","2021-09-19","13","1","D","700.00","{}","1","Diesel","2122","2"),
("70","2021-09-21","14","3","D","13000.00","{}","1","","2122","2"),
("71","2021-09-22","12","1","D","500.00","{}","1","Petrol","2122","2"),
("72","2021-09-24","1","13","C","100.00","{}","1","Med","2122","2"),
("73","2021-09-28","12","1","D","500.00","{}","1","Petrol","2122","2"),
("74","2021-09-30","14","1","C","5000.00","{}","1","Cash","2122","2"),
("18","2021-10-05","5","1","D","1260.00","[\"11821220.jpg\"]","1","Kasim aushadh","2122","1"),
("75","2021-10-05","1","12","C","500.00","{}","1","Petrol","2122","2"),
("76","2021-10-11","12","14","D","380.00","{}","1","Oil change","2122","2"),
("77","2021-10-12","12","1","D","500.00","{}","1","Petrol","2122","2"),
("78","2021-10-12","3","14","C","13000.00","{}","1","","2122","2"),
("79","2021-10-16","12","1","D","500.00","{}","1","Petrol","2122","2"),
("80","2021-10-14","14","1","D","2000.00","{}","1","Transfer","2122","2"),
("81","2021-10-24","1","2","C","500.00","{}","1","Deisel","2122","2"),
("82","2021-10-27","12","1","D","500.00","{}","1","Petrol","2122","2"),
("83","2021-10-31","12","1","D","500.00","{}","1","Petrol","2122","2"),
("84","2021-10-31","1","2","C","660.00","[\"28421220.jpg\"]","1","Dinner","2122","2"),
("85","2021-11-08","12","1","D","500.00","{}","1","Petrol","2122","2"),
("19","2021-11-11","5","1","D","800.00","{}","1","Roundup 4ltr","2122","1"),
("86","2021-11-16","12","1","D","500.00","{}","1","Petrol","2122","2"),
("87","2021-11-17","1","7","C","300.00","{}","1","500 given, Sox - 200","2122","2"),
("88","2021-11-02","3","14","C","26000.00","{}","1","Diwali","2122","2"),
("89","2021-11-21","12","1","D","500.00","{}","1","Petrol","2122","2"),
("90","2021-11-09","1","14","D","4000.00","{}","1","Transfer","2122","2"),
("91","2021-11-21","1","13","C","2000.00","{}","1","Dipawali","2122","2"),
("92","2021-11-26","1","5","C","750.00","{}","1","Babu Malagae, 250 motor, 500 aushadh","2122","2"),
("20","2021-11-26","1","12","C","500.00","{}","1","Aushadh","2122","1"),
("93","2021-11-29","12","1","D","500.00","{}","1","Petrol","2122","2"),
("94","2021-12-02","14","7","C","10000.00","{}","1","Manoj - Rodd","2122","2"),
("95","2021-12-02","7","1","C","500.00","{}","1","Returned by shrishail","2122","2"),
("96","2021-12-06","12","14","D","500.00","{}","1","Petrol","2122","2"),
("97","2021-12-05","14","7","D","10000.00","{}","1","Return by Manoj Rodd","2122","2"),
("98","2021-12-12","12","1","D","500.00","{}","1","Petrol","2122","2"),
("99","2021-12-15","12","14","D","2000.00","[\"29921220.jpg\"]","1","Tyre","2122","2"),
("100","2021-12-11","3","14","C","13000.00","{}","1","","2122","2"),
("101","2021-12-11","1","14","D","4000.00","{}","1","Withdrawal","2122","2"),
("102","2021-12-19","12","14","D","500.00","{}","1","Petrol","2122","2"),
("103","2021-12-19","7","14","C","300.00","{}","1","Returned by dada patil","2122","2"),
("105","2021-12-22","7","14","D","4000.00","{}","1","Given to vivek","2122","2");
INSERT INTO transactions VALUES
("106","2021-12-25","12","14","D","500.00","{}","1","Petrol","2122","2"),
("17","2021-12-25","3","1","D","500.00","{}","1","Cgg","2021","6"),
("107","2021-12-30","1","13","C","500.00","{}","1","","2122","2"),
("108","2022-01-02","12","1","D","700.00","{}","1","Petrol","2122","2"),
("109","2022-01-02","12","1","D","250.00","{}","1","Starter brush","2122","2"),
("110","2022-01-07","12","1","D","500.00","{}","1","Petrol","2122","2"),
("111","2022-01-13","12","1","D","500.00","{}","1","Petrol","2122","2"),
("112","2022-01-13","14","3","D","13000.00","{}","1","","2122","2"),
("113","2022-01-13","1","2","C","500.00","{}","1","DMart","2122","2"),
("114","2022-01-16","1","7","D","4000.00","{}","1","Returned by vivek","2122","2"),
("115","2022-01-19","12","1","D","500.00","{}","1","Petrol","2122","2"),
("116","2022-01-23","1","2","C","360.00","{}","1","Medical","2122","2"),
("117","2022-01-23","1","2","C","250.00","{}","1","Dinner","2122","2"),
("118","2022-01-29","12","14","D","500.00","{}","1","Petrol","2122","2"),
("21","2022-02-08","5","1","D","1400.00","{}","1","Khabba kalsod\n","2122","1"),
("1","2023-04-02","9","12","D","1000.00","[\"1123240.jpg\",\"1123241.jpg\"]","1","","2324","1"),
("2","2023-04-02","9","9","C","2500.00","[\"1223240.jpg\",\"1223241.jpg\"]","1","","2324","1"),
("3","2023-04-02","9","1","D","12323.00","[\"1323240.jpg\"]","1","","2324","1"),
("4","2023-04-02","9","9","D","343.00","[\"1423240.jpg\"]","1","","2324","1"),
("5","2023-04-02","9","9","D","34534.00","[\"1523240.jpg\",\"1523241.jpg\"]","1","","2324","1");




CREATE TABLE `usermaster` (
  `UID` int(11) NOT NULL,
  `UNAME` varchar(50) NOT NULL DEFAULT '',
  `UPASS` varchar(100) NOT NULL DEFAULT '',
  `ADMIN` char(1) NOT NULL DEFAULT 'N',
  `SUBADMIN` char(1) NOT NULL DEFAULT 'N',
  `FDATE` date NOT NULL DEFAULT '1900-01-01',
  PRIMARY KEY (`UID`),
  KEY `USERUNAME` (`UNAME`,`FDATE`) USING BTREE
) ENGINE=MyISAM DEFAULT CHARSET=latin1;


INSERT INTO usermaster VALUES
("1","Manoj","OTg4OA==","Y","Y","2018-03-02"),
("2","patil","I21hbm9q","N","Y","2018-03-01"),
("4","pipeline","MTIzMA==","N","N","2018-04-01"),
("6","Demo","MTIz","N","N","2018-04-04"),
("7","Marriage ","MTIz","N","N","2019-04-01"),
("10","Arpit","NTQxOA==","N","Y","2021-04-01");




CREATE TABLE `userstat` (
  `UID` int(3) NOT NULL DEFAULT '0',
  `FYR` char(4) NOT NULL DEFAULT '',
  `SDATE` date DEFAULT '1900-01-01',
  `EDATE` date NOT NULL DEFAULT '1900-01-01',
  KEY `STATSDATE` (`UID`,`SDATE`,`FYR`) USING BTREE
) ENGINE=MyISAM DEFAULT CHARSET=latin1;


INSERT INTO userstat VALUES
("1","1819","2018-03-02","2019-03-16"),
("2","1819","2018-03-01","2019-04-01"),
("4","1819","2018-04-01","2019-03-31"),
("6","1819","2018-04-04","2019-04-06"),
("1","1920","2019-03-17","2020-03-24"),
("2","1920","2019-04-02","2020-04-01"),
("6","1920","2019-04-07","2021-03-09"),
("7","1920","2019-04-01","2020-03-31"),
("1","2021","2020-03-25","2021-02-26"),
("2","2021","2020-04-02","2021-03-31"),
("1","2122","2021-02-27","2023-04-01"),
("6","2021","2021-03-10","2022-03-09"),
("2","2122","2021-04-01","2022-03-31"),
("10","2122","2021-04-01","2022-03-31"),
("1","2324","2023-04-02","2024-04-01");


